geom;voltage;typ;lat;lon;v_id
1;9.52257601112577;52.3604090734199;substation;"220000;110000";010100002031BF0D00FA780650D02C30411E1E590EA5305A41
2;9.11321011483187;52.5438533448625;substation;220000;010100002031BF0D008ABBA6D19BF52E41C5F34D365E515A41
3;9.38974515063535;52.0263130791669;substation;"380000;110000";010100002031BF0D00DFB7354C1BE62F41BDD21E2665F55941
4;9.12526488538257;52.5382642673981;substation;"380000;220000";010100002031BF0D000C3148AE17002F41095923775E505A41
5;10.366274939217;52.2846467643429;substation;"380000;220000";010100002031BF0D003FA19972B09B3141E78858722B235A41
6;9.91814868737007;52.3799963378317;substation;"220000;110000";010100002031BF0D006502F142D3D8304173A488DD21345A41
7;9.91720013781868;52.2781708386433;substation;"380000;110000";010100002031BF0D00703860AB69D83041222CCDDB04225A41
8;10.4149924241538;53.4126068813272;substation;"380000;110000";010100002031BF0D0099DF3CA7DFB031419612CCAD39EE5A41
9;10.3787706356666;53.2197927695925;substation;"380000;110000";010100002031BF0D00403854761FA13141B110746423CB5A41
10;12.9416466491702;52.5621144028949;sub_station;"380000;220000;110000";010100002031BF0D0048D5D78391FB35414DDBCC08A2545A41
11;13.2061057633794;52.6571349808542;substation;220000;010100002031BF0D000C8D0CF8906E3641996190D2A4655A41
12;13.709669749528;52.5397952998981;substation;"380000;220000;110000";010100002031BF0D00631E997489493741E6E80485A4505A41
13;11.3704263094168;48.2914922548393;substation;"380000;220000;110000";010100002031BF0D004F2D1E11565033417F9A5A9F377B5741
14;11.8132329291411;48.2212664672329;substation;"220000;110000";010100002031BF0D00E9F30413E31034418C38D03CC06F5741
15;11.868156362746;48.206802931481;substation;"380000;220000";010100002031BF0D00AC087A1FC52834415099452C646D5741
16;10.7610404155909;52.3677293936344;substation;380000;010100002031BF0D00F1AA1A8A59473241988495ADF2315A41
17;13.4947634286677;52.5897644694349;substation;"380000;110000";010100002031BF0D009528793116EC364190F3D64294595A41
18;13.6834769799404;54.1390906728297;substation;"380000;220000";010100002031BF0D000A6C8FB0253E374108603EA2DF735B41
19;11.2939727766244;48.0520427780619;substation;"220000;110000";010100002031BF0D00B2426C4C172F334143C647512F545741
20;9.98460987860596;53.7411288147163;substation;"380000;220000;110000";010100002031BF0D00321CFDAFB9F53041D45EA635602A5B41
21;10.1575015621948;53.5551316816054;substation;"380000;110000";010100002031BF0D00FA93D1E6E740314164DE446F43085B41
22;9.20210421541834;53.8951574267943;substation;"380000;220000;110000";010100002031BF0D00F6CA681CEB422F415C074954BD465B41
23;9.98853665499904;53.7662776782512;substation;"220000;110000";010100002031BF0D00C9B36FD06EF73041BB30B7F0FF2E5B41
24;9.726992011952;54.291421027399;substation;"220000;110000";010100002031BF0D001A6D37CCB385304153321A9231905B41
25;9.34476101692227;53.9218370813918;substation;380000;010100002031BF0D00953E7313FCBE2F4100EC1AC3A94B5B41
26;9.34400181356048;53.8517774981988;substation;"380000;220000";010100002031BF0D0050FB360C53BE2F41AF0F6EA3BD3E5B41
27;9.77654483603303;53.6906352940911;substation;"380000;110000";010100002031BF0D004B632CFE3F9B30417C4F67AB19215B41
28;9.52960742228339;53.6189900644199;substation;"220000;110000";010100002031BF0D007B8BB30BDF2F3041A4346A51F5135B41
29;10.382166718339;52.9932540575609;substation;380000;010100002031BF0D001CB82D8399A23141D3ACDE8C1DA25A41
30;9.50178971212981;53.5428143880013;substation;"380000;220000;110000";010100002031BF0D002EF47264C6233041CB68197B02065B41
31;9.74615085631454;50.9168400022101;substation;"380000;110000";010100002031BF0D003DD6EE8C088E3041E3B00136C1335941
32;11.1228546271538;50.9989090757631;substation;"380000;220000;110000";010100002031BF0D0089296583AEE43241457B3330EB415941
33;10.3859411718194;51.0018133141165;substation;"380000;110000";010100002031BF0D006388C2AE3DA43141F911EE9E6B425941
34;8.122642304058;53.5605160665145;substation;"380000;220000";010100002031BF0D00D93A74CF20982B41982E77B23F095B41
35;8.08541549318952;53.6058005404115;substation;"220000;110000";010100002031BF0D009BB8CDABC0772B41C16F9C948A115B41
36;8.06005701182283;53.6202026205826;substation;"220000;155000";010100002031BF0D009AE177E2B2612B410F03D6352E145B41
37;11.6389127811118;52.2687347042793;substation;"380000;220000";010100002031BF0D00C9391CD815C53341E26442B057205A41
38;13.2115276810432;52.5806278358522;substation;"380000;110000";010100002031BF0D0099D3B788EC703641516A66C3F1575A41
39;13.1433929675199;53.9081470154338;substation;"380000;110000";010100002031BF0D00D714FCCF4B53364138F811E622495B41
40;11.727353429381;52.5689470103264;substation;"380000;110000";010100002031BF0D0063BC19038BEB334156307CDBDA555A41
41;11.8531057441334;53.0865444992511;sub_station;"380000;110000";010100002031BF0D00930C1DB239223441D8517698FBB25A41
42;12.1869848529515;53.8157751978716;substation;"380000;220000";010100002031BF0D00BF08B9F268B3344156553CCF1B385B41
43;12.4993660253653;52.4052284426773;substation;"220000;110000";010100002031BF0D0069A6A90F3F3B35412233838EA0385A41
44;13.5061534749833;52.4738223315289;substation;"220000;110000";010100002031BF0D00EB009E200AF13641EA04670FDC445A41
45;13.305751171113;52.2307818364272;substation;"380000;220000;110000";010100002031BF0D005CE2EA71E5993641468976749A195A41
46;13.5241987812625;52.5356343208068;substation;"380000;220000;110000";010100002031BF0D00ACA7F5EBE2F83641CEE97D22E64F5A41
47;13.4564307414427;52.521451771614;substation;"380000;110000";010100002031BF0D00B5C49D046BDB364150DAA5595D4D5A41
48;13.5370442267661;52.5374565540653;substation;110000;010100002031BF0D00B06FC3DE78FE3641919C2B8239505A41
49;9.25938384929792;51.0603668960072;substation;"380000;110000";010100002031BF0D0047D852CABB742F410BA278B88A4C5941
50;8.31334018942867;49.0090434774209;substation;"380000;220000;110000";010100002031BF0D00173DE697F93D2C41487A6C014BF15741
51;7.75349549403634;48.0993557332288;substation;"380000;220000;110000";010100002031BF0D000DDA2C5716572A4185C03102E25B5741
52;8.4384675602346;49.2524597535318;plant;;010100002031BF0D00BD0CE2D2CBAA2C4182D8D2E6BB195841
53;8.51211138039068;49.2939656609087;substation;"220000;110000";010100002031BF0D00A2DA12CFD7EA2C417200EF4DA6205841
54;8.62320969485988;49.356582256425;substation;"380000;220000";010100002031BF0D003852DD9F764B2D41F2259BFD172B5841
55;8.44554253599103;48.9860882032815;substation;"220000;110000";010100002031BF0D00A38439FDF2B02C411D52B24B7DED5741
56;8.64158407529801;48.8900525292561;substation;"220000;110000";010100002031BF0D006D56527A715B2D4116F11F8A98DD5741
57;8.56374402466983;53.0317216060084;substation;"380000;110000";010100002031BF0D00C35E8B3FBF172D4123D6CFED10A95A41
58;8.47470705828713;53.4286512121137;substation;"380000;220000;110000";010100002031BF0D00FC4A112650CA2C416A23B8F026F15A41
59;8.51888184370396;53.2026352807953;substation;"220000;110000";010100002031BF0D00945E8D2DBBF02C410E02971106C85A41
60;8.12076914209295;48.7048354581841;substation;"220000;110000";010100002031BF0D00CBB280C57F962B41EAE1B86F07BF5741
61;11.4407746551302;48.1718035642057;substation;"380000;110000";010100002031BF0D0059CB7935ED6E334154A64F24AF675741
62;13.3264050703954;50.3463722141376;substation;;010100002031BF0D00060365A0E0A236418B97D4B9FBD15841
63;12.1147644756885;49.6311550818562;substation;"380000;220000;110000";010100002031BF0D00D9859A6901943441E624EE6F0C595841
64;8.69516076534637;53.0925361336519;substation;"380000;110000";010100002031BF0D00D7A2CEBC098A2D417B42873E11B45A41
65;8.77244299222179;49.9746686767501;substation;"380000;220000;110000";010100002031BF0D00AAB118C63FCD2D41B1BAA983E8925841
66;8.41937108501457;49.6337357146719;substation;"380000;220000";010100002031BF0D00292C3734309A2C4147F062527B595841
67;8.38855643052221;49.9823050863709;substation;"380000;110000";010100002031BF0D0063D921A9637F2C41C0B746FD32945841
68;8.58869053015616;49.8155140535631;substation;"220000;110000";010100002031BF0D00E1651350712D2D413DD0B4CD0C785841
69;8.41235670467832;49.7102661278933;substation;"380000;220000";010100002031BF0D00DB7F8B8716942C4119F29C5A56665841
70;12.262173544509;51.7410202813412;substation;"380000;110000";010100002031BF0D0061033DEA1AD434414660255826C35941
71;11.8942662085419;51.4057031779769;substation;"380000;110000";010100002031BF0D0006AB5EA81F3434413B00DB877F885941
72;13.1570905224719;51.8284516784236;substation;380000;010100002031BF0D00133B069E40593641C10982A383D25941
73;13.9024347133056;51.874723530085;substation;"380000;110000";010100002031BF0D003985FCF35B9D3741B41DC95EA8DA5941
74;11.5165549994374;51.5843592162484;substation;"380000;110000";010100002031BF0D009272C909E18F3341F3A00498B1A75941
75;8.70221847039735;51.7363525890089;substation;"380000;110000";010100002031BF0D001084CB0E2D902D41C866709254C25941
76;8.99279304217181;51.343011245012;substation;"380000;110000";010100002031BF0D00FECED648E28C2E41584DCA8C947D5941
77;11.6463786860412;50.5348769896165;substation;"380000;220000;110000";010100002031BF0D0092FFE5F154C83341C95150E728F25841
78;14.4719654746961;51.5538127702297;substation;"380000;110000";010100002031BF0D0003DDD1D30395384116E257EC59A25941
79;14.5081092115389;51.4137104048148;substation;380000;010100002031BF0D008FE26D54BBA43841F9C17DCAE4895941
80;14.4281805295455;51.888864175856;substation;"380000;110000";010100002031BF0D00D0D0A9B5F9813841088204E425DD5941
81;8.14191383627294;53.5640011817982;plant;;010100002031BF0D0015AA9867E3A82B41201599FEE2095B41
82;10.1562825155965;54.2755482828972;substation;"220000;110000";010100002031BF0D007165AF326040314190F1A7E13C8D5B41
83;10.1773541403957;54.3395212785126;generator;;010100002031BF0D00F9856AE1894931412D2B566628995B41
84;7.03496796550368;52.2028607768236;substation;"380000;220000;110000";010100002031BF0D003214741A32E6274113206E2EA6145A41
85;7.30819841516103;52.4768390414786;substation;"380000;220000;110000";010100002031BF0D0048D435DAD1D328413A56B8E465455A41
86;7.0603070176736;51.6964760578548;substation;"380000;220000;110000";010100002031BF0D00421169903BFC27418863B05955BB5941
87;7.54571775348996;51.9703244532995;substation;"380000;110000";010100002031BF0D0027707DEA62A22941DD59CC6082EB5941
88;7.30561452011125;52.4801491936499;plant;;010100002031BF0D00C9769D9392D12841B4B21A25FD455A41
89;7.27715397426964;52.7532426203196;substation;"380000;110000";010100002031BF0D00C96B5126D2B82841621DEC11E3765A41
90;8.30775699263504;52.3456356701243;substation;"380000;220000;110000";010100002031BF0D0021255D8E1E392C41078AFEED032E5A41
91;7.88957673752775;52.2773967844269;substation;"380000;220000;110000";010100002031BF0D00995C7A546FCD2A41244E64A6E1215A41
92;7.31784997667688;52.4691115144199;substation;220000;010100002031BF0D001BC58CAA36DC2841631D97D704445A41
93;13.3352804208787;49.5896898733245;substation;;010100002031BF0D003A0244A0BCA63641DC73D09017525841
94;12.2147735094259;54.1003234808405;substation;380000;010100002031BF0D00196C025E7EBF34413D2756D3AE6C5B41
95;6.99647662277982;49.3754093214106;substation;"380000;220000;110000";010100002031BF0D007ECF136EB8C427417AD71D8F3C2E5841
96;6.4748631643492;49.922329177378;substation;"380000;220000;110000";010100002031BF0D00E8C5D9F014FF25412A763EDE108A5841
97;11.6993927384808;53.5722744896829;substation;380000;010100002031BF0D00F485367162DF33410DDF22B3660B5B41
98;11.3706374165175;53.6009910913085;substation;"380000;110000";010100002031BF0D00F22034916D50334134FADA02A9105B41
99;6.9482175871963;51.4446013475548;substation;"380000;110000";010100002031BF0D0071756316C09A27412B6660A5478F5941
100;6.92675898550662;51.4992056970517;substation;"380000;220000";010100002031BF0D00825CF490168827412DA7E742CF985941
101;6.68078802838152;51.6462959493574;substation;"380000;220000;110000";010100002031BF0D00C0FFC3D72BB22641D843A58A89B25941
102;7.16721463545721;51.3899067765993;substation;"380000;220000;110000";010100002031BF0D00171F045E3559284198B020ECBE855941
103;7.12557294579876;51.4489772806916;substation;"380000;220000";010100002031BF0D00CFA3CA4DFE342841C225EA0B0B905941
104;6.99606886995841;51.5141696109019;substation;"380000;110000";010100002031BF0D006B18F8A55DC42741D1C871546C9B5941
105;7.31318287435069;51.4466114132712;substation;380000;010100002031BF0D001266599627D82841183F6A66A18F5941
106;7.99288732000281;51.6837077158762;substation;380000;010100002031BF0D00D4F7F84A48272B4187B3EC2318B95941
107;8.62480055555283;51.4278884079658;substation;"380000;110000";010100002031BF0D00DE2BE4CFD84C2D4133121B875D8C5941
108;7.35311188155085;51.5758105365035;substation;380000;010100002031BF0D0043B23E57E1FA2841114841BF32A65941
109;7.12323886855291;51.5256121997715;substation;"380000;110000";010100002031BF0D0032F3B4A5F6322841747CC9196C9D5941
110;8.211706018158;51.1779854932409;substation;"380000;110000";010100002031BF0D003ABA6EDD95E52B41DCE5E478E9605941
111;6.57648211320418;51.0555954842661;generator;;010100002031BF0D008A05B54775572641206E6074B74B5941
112;6.77252314401924;51.1471055233119;substation;"220000;110000";010100002031BF0D00A480D2A7F301274199B3A4168F5B5941
113;6.97265818443158;50.7956761020439;substation;"380000;220000;110000";010100002031BF0D0035D3628401B02741548DB29DE31E5941
114;7.13689471769255;50.6428608849405;substation;"380000;110000";010100002031BF0D00D13BBDF8D63E28413E9A2E5CA6045941
115;6.45655251893853;50.8713380734833;substation;"380000;110000";010100002031BF0D00F725024728EF2541C06C5899E92B5941
116;7.86394571439194;50.7682419302039;substation;"380000;220000;110000";010100002031BF0D00917677DD24B72A41FB02C8152C1A5941
117;6.32165053130004;50.8384088395888;plant;;010100002031BF0D00207A13D6D57925418D1755EF3D265941
118;6.16740843160638;50.8020948745466;substation;"380000;110000";010100002031BF0D005EF44088B1F32441BA3A8A3EFE1F5941
119;6.70220345482137;51.0088609349138;substation;"380000;220000";010100002031BF0D0067B666C0CBC42641E80B3B51A3435941
120;6.61240236819431;51.0359242961049;substation;"380000;220000;110000";010100002031BF0D005DC97287B27626412575B3B150485941
121;6.96568445966487;51.0693295406357;substation;"380000;220000;110000";010100002031BF0D007036E7E4F0A9274104DF629F174E5941
122;7.23319688909308;51.2325069074323;substation;"380000;110000";010100002031BF0D00ECE0C89697922841DBAEC6405F6A5941
123;6.30090126366431;50.8289532360211;substation;"380000;110000";010100002031BF0D00B9238C3DCA672541FD90AE479D245941
124;7.44948530305951;50.4025276923845;substation;"380000;220000;110000";010100002031BF0D0001493BD2B14E294142BE0E268EDB5841
125;6.62582794436992;51.260609838751;substation;"220000;110000";010100002031BF0D006094F0955F822641716BC9AC406F5941
126;7.12308198261157;51.1715887959352;substation;"380000;110000";010100002031BF0D0099D7E6B7D3322841B1179C86CD5F5941
127;6.80109337218585;51.1225390893163;substation;"380000;220000";010100002031BF0D0071E78680CC1A2741CCB3388A4D575941
128;7.00877917051357;51.1742549445955;substation;"380000;110000";010100002031BF0D00AB83E9746BCF27418805C1DE43605941
129;6.84265069037124;50.8635385173748;substation;"380000;110000";010100002031BF0D009155F3C7F03E2741B6F4FDAA912A5941
130;6.80461159113864;50.9662453041699;substation;"220000;110000";010100002031BF0D00FF4874CBDB1D2741237B0445473C5941
131;7.71862724482037;51.5342075253387;substation;"380000;110000";010100002031BF0D001FC91C4FC3382A416CD5B09CEC9E5941
132;7.93077012209125;51.6729710114195;substation;380000;010100002031BF0D00F43E4B9542F12A4146DC084336B75941
133;6.22183149094702;51.6946456455863;substation;"220000;110000";010100002031BF0D00B0200C3A062325410FDAE72A03BB5941
134;7.00674991840299;51.5999114356605;generator;;010100002031BF0D00173A83AAA7CD2741DE6125466AAA5941
135;6.66790553761492;50.9935747547444;generator;;010100002031BF0D000EE2BDB2F7A626411DECFE4FFF405941
136;7.26408347971959;51.5735734400302;substation;"220000;110000";010100002031BF0D0080DCE82574AD2841BCAA7892CEA55941
137;7.27894715347152;51.4722816997024;substation;"220000;110000";010100002031BF0D0031FD9A6161BA2841B6C426FC1B945941
138;7.18667757416348;51.5505890861964;generator;;010100002031BF0D0055767B93226A284136A629A4C9A15941
139;7.35135789785079;51.5683686345539;generator;;010100002031BF0D008888EDD55AF9284110997786E5A45941
140;7.17937918293452;51.4722019618656;substation;"220000;110000";010100002031BF0D00354272ABC96328415516236C18945941
141;6.93488872133436;51.033522366054;substation;"220000;110000";010100002031BF0D00881DF58F288F2741564A6B65E6475941
142;6.82813597480523;51.1626762638491;substation;"220000;110000";010100002031BF0D007523543D51322741F6E9E3F7415E5941
143;7.50597335246997;51.401592579328;substation;"220000;110000";010100002031BF0D00249A5443D27F29414496C526C8875941
144;7.03761992937395;51.5985496345954;substation;"220000;110000";010100002031BF0D0096A3AB8880E827410373CF422DAA5941
145;6.84699935555237;51.2055917675691;substation;"220000;110000";010100002031BF0D00D242A4F6B84227411D9CA35AB3655941
146;7.19316581458292;50.7983350844101;substation;"220000;110000";010100002031BF0D003BE7801CC76F28415308B9B0581F5941
147;7.04738454562441;50.9055286430507;substation;"220000;110000";010100002031BF0D009E52A184FEF02741FA9C35F4CD315941
148;6.70967376432849;51.090940740551;substation;"220000;110000";010100002031BF0D00DEDE04EF4ACB26415A6D45F8D4515941
149;7.01293745682734;50.6176585087541;substation;"220000;110000";010100002031BF0D00F875D94009D32741A3EF72A554005941
150;6.33006863059067;51.2429161811958;substation;"380000;220000;110000";010100002031BF0D00368A850828812541E6B994F22D6C5941
151;7.0235445515269;50.9990684211965;substation;220000;010100002031BF0D00163D5BCE42DC27417FC6163CF2415941
152;7.72438409063489;51.4093341491518;substation;"220000;110000";010100002031BF0D0073DFDF01C53D2A41C85BDD8621895941
153;6.84223119628968;50.8598647273121;substation;"380000;220000";010100002031BF0D005070A462933E274120AF03B0EF295941
154;8.36422958832611;51.9271205112378;substation;"380000;220000;110000";010100002031BF0D001647AB8E3B6A2C41B8EEACA7E3E35941
155;6.48812326066423;50.8810703279012;substation;380000;010100002031BF0D00F2B6B8279D0A2641AB40E4D5962D5941
156;8.05408740677995;53.332302708936;substation;"380000;220000;110000";010100002031BF0D00F9E95ED1815C2B4187D478C297DF5A41
157;8.47791063608626;53.428485495717;substation;"380000;220000";010100002031BF0D003E0AD76319CD2C41333333331FF15A41
158;8.05283756803222;53.3338809660191;substation;"220000;110000";010100002031BF0D00615A168E6B5B2B41C2A2E24FE1DF5A41
159;6.85153117750092;50.9841704943357;substation;"220000;110000";010100002031BF0D007F7575ECA9462741A6DC36895F3F5941
160;6.59601984709512;50.9525274662191;substation;"380000;110000";010100002031BF0D001B0D2B2473682641DF95162BE9395941
161;7.33861261905923;51.6319781599433;substation;"380000;110000";010100002031BF0D001346613D45EE284122B89E7E07B05941
162;7.7083185190139;51.6762033258373;substation;"380000;220000;110000";010100002031BF0D001A3B502FCC2F2A4149C81752C7B75941
163;7.61702105012869;51.6371337810622;generator;;010100002031BF0D009FDA2FCF65E02941561BA9A9EEB05941
164;7.52228012599778;51.5321980611413;substation;"220000;110000";010100002031BF0D00E07F55C9008E29416E775AB6929E5941
165;6.90660784108641;51.5652424548867;substation;"380000;110000";010100002031BF0D004816CE2290762741778CF68F59A45941
166;6.96734395630657;51.490861901735;substation;220000;010100002031BF0D00C226E05C62AB27418656B0495A975941
167;6.87287367577891;51.4457833914382;substation;"220000;110000";010100002031BF0D00ABF78298395927412F2F2F6D7C8F5941
168;6.86805535610906;51.3745129680843;substation;"220000;110000";010100002031BF0D002C4097D908552741ABF3868110835941
169;6.72376717933502;51.3556543954881;substation;"220000;110000";010100002031BF0D00E7165FAD8CD72641A561A5E8C77F5941
170;10.7346694127787;51.4401867815019;substation;220000;010100002031BF0D00D837D0EEE13B3241514C128A828E5941
171;6.78752263278065;51.5055501391206;substation;"220000;110000";010100002031BF0D00E68B5F20FF0E2741DF6E76E8EA995941
172;6.62284324444971;51.2587133994989;substation;380000;010100002031BF0D0013233D13C77F26413DEC6956EC6E5941
173;6.81216589807283;51.5196200390464;substation;"220000;110000";010100002031BF0D00C6D68DAD6D2427413D71B115609C5941
174;6.72031004220211;51.391532581128;substation;220000;010100002031BF0D00647FD6FB8AD42641F9CD606E07865941
175;6.54240843928532;51.2994458346854;substation;"220000;110000";010100002031BF0D00CA77EC26D339264199EE988800765941
176;6.67467535942029;51.324957491388;substation;"220000;110000";010100002031BF0D00B23DA8ECDAAC2641D3AD5F5F707A5941
177;13.078642146735;54.2848461827889;substation;"220000;110000";010100002031BF0D00BCF9B6C8233736416A970819F88E5B41
178;14.2708204939085;53.0962678214471;substation;"220000;110000";010100002031BF0D004C3378788C3D38416C631C30BEB45A41
179;14.0336963902155;53.507868594058;substation;"220000;110000";010100002031BF0D00B3A7A4EF6FD637413710F27F9EFF5A41
180;14.4762521312891;53.1967495435604;substation;"400000;220000";010100002031BF0D0045C10E04E1963841898777A0F4C65A41
181;13.9570055874438;53.2521716355395;substation;"380000;220000";010100002031BF0D00AE3A47C116B537419E07FFEF04D15A41
182;9.90884756824768;53.4880466468098;substation;"380000;110000";010100002031BF0D0082F19ADDC7D43041C68C6B23FFFB5A41
183;6.61738115554636;51.4757909650564;substation;"380000;220000;110000";010100002031BF0D0007525100077B264105F384C7B8945941
184;6.65673523718494;51.3795236591475;substation;"220000;110000";010100002031BF0D00E677FFC0409D2641CE9ED1E8EF835941
185;6.71114528740106;51.5261875789907;substation;380000;010100002031BF0D000838548D92CC26416F3F88D6859D5941
186;6.68934282070814;51.5764229278963;substation;380000;010100002031BF0D00AC251C799CB9264131A7932B4EA65941
187;6.72365238886558;51.3758458427716;generator;;010100002031BF0D00D677D21E73D72641B0E226EE4B835941
188;8.61664770595698;48.0659538545522;substation;"380000;110000";010100002031BF0D008B7881ABC1452D41DF5D9E8E72565741
189;8.87294280093827;48.310091303568;substation;380000;010100002031BF0D005B93E9F2A6242E4153A283B9417E5741
190;6.71525262621456;51.5267908744287;substation;"220000;110000";010100002031BF0D0015E67B0125D0264167080AD3A09D5941
191;12.185765240779;53.8108598322992;substation;"220000;110000";010100002031BF0D0029BE782EE1B23441B5F2941E34375B41
192;6.68306567760463;51.5771048143062;generator;;010100002031BF0D003BD7B3EF26B426417883AFB46CA65941
193;6.68310699520914;51.5756455198898;substation;220000;010100002031BF0D000B919F2230B42641C97D8E5B2BA65941
194;6.61427858001903;51.6186788195162;substation;"220000;110000";010100002031BF0D00386B3A3F54782641A6858F4CB3AD5941
195;7.44506932534523;51.6185001200754;substation;"220000;110000";010100002031BF0D006B0D06A7DA4A29418D89124AABAD5941
196;6.73212494203963;51.4594437546532;substation;"220000;110000";010100002031BF0D00DFF8E570D1DE2641FB129C7CDE915941
197;6.7225698255489;51.4797877133457;substation;"380000;220000;110000";010100002031BF0D00E3B07F1982D62641DE64885E6B955941
198;7.32089264924598;52.4714572257118;plant;;010100002031BF0D00517F6F15DCDE2841770B580170445A41
199;6.75917489922906;52.2488579210093;substation;380000;010100002031BF0D0002C5E0D057F62641B4BAD1F5CF1C5A41
200;7.70632730322843;51.2785831773201;substation;"220000;110000";010100002031BF0D0025F4D0DC102E2A413C0EEA2560725941
201;7.4503420737133;51.4136082478987;plant;;010100002031BF0D00380E5F92704F2941908B8D3BE0895941
202;6.63448170507317;51.0359799570641;plant;;010100002031BF0D00DC460B40E6892641C2D4512853485941
203;7.60711326595197;51.8985850731167;substation;220000;010100002031BF0D0050D049F3C7D7294183683444DCDE5941
204;7.40354445433039;51.6444495221964;substation;380000;010100002031BF0D00AF03F298BD262941DCBD49BB36B25941
205;8.9396926172441;52.4030332405173;substation;380000;010100002031BF0D00F6285C0FB45E2E41B81E856B3C385A41
206;9.40952223022694;52.0343152163201;plant;;010100002031BF0D00E85751724EF72F41E35DC81DCFF65941
207;7.23579348811378;49.3693923811997;substation;380000;010100002031BF0D00E13573B1D9942841AFE3C2643B2D5841
208;6.81368434620717;49.7248341051075;substation;"380000;110000";010100002031BF0D005B9562BEBF252741DC442D68C9685841
209;8.40826976858684;49.5285689464462;substation;220000;010100002031BF0D00D33F419E88902C414B586544D9475841
210;9.19078746567264;48.9144168850357;substation;"380000;220000;110000";010100002031BF0D004BB3B38F13392F412781F30BA0E15741
211;12.1320700033184;54.1424599150795;generator;;010100002031BF0D002AC1E3DA879B3441C861F7B27F745B41
212;12.2135605906601;54.1119998916809;substation;"220000;110000";010100002031BF0D003E708158F7BE344189FA4515D96E5B41
213;8.57125886720865;52.1053649703152;substation;"380000;110000";010100002031BF0D00F4205958481E2D41A8619DD05F035A41
214;8.65939119082471;51.999630143259;substation;"380000;220000;110000";010100002031BF0D00E7BD2F09EE6A2D41A1F41BA5AEF05941
215;7.31136230953603;53.1257665914164;substation;"380000;150000;110000";010100002031BF0D0019F6334292D62841D85060D315BA5A41
216;6.94948404574031;53.1235378491255;substation;"380000;220000";010100002031BF0D004147ED0CDA9B27412C577876AEB95A41
217;8.27327814627525;49.0293981037883;substation;"220000;110000";010100002031BF0D0037DE8A38221B2C4184950BC7AAF45741
218;8.35233395252327;49.4212743450173;substation;"220000;110000";010100002031BF0D005DF70320E35F2C411B395FE0E5355841
219;7.72920204621049;49.4826474377754;substation;"220000;110000";010100002031BF0D0077230BACF5412A4124397D3B29405841
220;9.79733614300556;52.0008392548375;substation;"220000;110000";010100002031BF0D00154577784AA430411F030C4DE5F05941
221;10.0821573814608;48.2660901922742;station;380000;010100002031BF0D000A8D34A0242031412F3EB25E11775741
222;8.62716128185002;49.5435952784092;station;"220000;110000";010100002031BF0D00D9A8DA66E64E2D41A87BFAA45D4A5841
223;8.50195005956401;49.444886278394;substation;"220000;110000";010100002031BF0D002BF2B48001E22C410473D04DD8395841
224;10.3917760727113;48.51846091102;substation;380000;010100002031BF0D00BFC08938C7A63141D8B7727262A05741
225;7.95805408035891;47.5954723084298;substation;"380000;220000";010100002031BF0D000EF54C0EFD082B41FBD76571420A5741
226;10.0837513310281;48.268867503254;station;"380000;220000;110000";010100002031BF0D00B8A73E10D6203141A76B0E7C85775741
227;9.88551515679306;48.3040743800139;substation;"380000;220000;110000";010100002031BF0D00C5A57383A2CA304127E7DAF8457D5741
228;9.01340237137239;47.84534861265;substation;"220000;110000";010100002031BF0D0079DE7EB9CE9E2E414293D833A3325741
229;8.25192553682682;47.6397698245713;substation;"220000;110000";010100002031BF0D006F9A324C90082C416E057D4F67115741
230;9.19675654948238;48.9129634543149;station;"220000;110000";010100002031BF0D00686C1783443E2F418A5AC37F62E15741
231;8.54716098444985;49.4405396666554;substation;"220000;110000";010100002031BF0D00628D8F3753092D4143FD32431E395841
232;6.139806597197;49.6686114119991;substation;"220000;65000";010100002031BF0D001953B649B0DB244153D5D76F565F5841
233;6.6205356426611;49.7489386754597;substation;220000;010100002031BF0D005D5B2350C57D2641CEA6F45BD76C5841
234;10.4203896078253;52.1652004518716;substation;220000;010100002031BF0D00DDEF0A7738B33141D51908C7F80D5A41
235;10.4129155347344;52.1587766443133;substation;220000;010100002031BF0D0049E17A74F8AF314186EB5158D50C5A41
236;6.70228544511704;49.8289944400988;substation;"220000;110000";010100002031BF0D0077517C01DEC4264194E3404C527A5841
237;8.53151491196588;50.0478743425063;substation;220000;010100002031BF0D00C49198CAB7FB2C41B75CCBBD4A9F5841
238;8.47137164222049;50.0972077629353;substation;"380000;110000";010100002031BF0D007DBF188E69C72C418E980FE4A5A75841
239;8.06573800300669;50.4060681719154;substation;"380000;110000";010100002031BF0D00F90ADAB1A3662B41A7615CBD28DC5841
240;8.98953621454728;50.0602551000841;substation;"380000;110000";010100002031BF0D0046DF0F300D8A2E41F6E49B6063A15841
241;8.95870858956225;50.0826078209328;substation;"380000;220000";010100002031BF0D0063CCB7C13D6F2E41BF50B2972CA55841
242;10.3633843211809;47.7383368357565;substation;"380000;220000";010100002031BF0D00561960AA6E9A3141E6B80D5252215741
243;7.46150030545086;51.6146143296713;generator;;010100002031BF0D00BFC440D424592941F1D98820FDAC5941
244;7.71823231806437;51.6743422310609;generator;;010100002031BF0D00768008626B382A4129723ACC73B75941
245;7.98122158717143;51.6735262789774;substation;"380000;110000";010100002031BF0D006BA2C50B231D2B410096242E4FB75941
246;7.79256713751168;49.8105487905969;substation;"220000;110000";010100002031BF0D0033F5203611792A41A74B42A936775841
247;6.92013046576366;49.9705819072583;substation;"220000;110000";010100002031BF0D0039C9A1CC52822741840805AD37925841
248;6.75552343093251;49.3648696290977;substation;220000;010100002031BF0D0052C353DB2AF3264193DF5E1C7A2C5841
249;9.88280432074509;51.5155075367171;substation;"220000;110000";010100002031BF0D0098C59DBE74C9304184367E29A89B5941
250;9.85139361305404;51.6491352561387;substation;"220000;110000";010100002031BF0D000040E01ECCBB304108E338E308B35941
251;8.78579308261945;48.5837674313704;substation;"380000;110000";010100002031BF0D005E713B06DCD82D412DB30B131CAB5741
252;9.04543499281662;48.9029620391364;substation;"380000;220000;110000";010100002031BF0D00E3934F6FAABA2E41AFA7F905BBDF5741
253;9.80131720045512;47.6525043492184;substation;380000;010100002031BF0D002EBCCDA305A63041373EE75A75135741
254;9.81091208305795;47.1426409452115;substation;"380000;220000";010100002031BF0D0085EDBFBC31AA3041903149F792C15641
255;8.10495964382999;52.2642614054462;substation;"220000;110000";010100002031BF0D00ADB2FDF5BF882B41A39E90448C1F5A41
256;12.1301906386214;47.9131654927098;substation;220000;010100002031BF0D009B5D26A5B69A3441486A8E33A13D5741
257;6.80182365898612;51.124788107918;substation;"220000;110000";010100002031BF0D00166DA5176F1B274103702543B1575941
258;7.98506747780853;50.8422254631609;substation;"220000;110000";010100002031BF0D00F267894A7B202B415302C322E6265941
259;7.22423634882744;53.3499242341827;substation;"220000;110000";010100002031BF0D008FFD999FCC8A284153DCD123CDE25A41
260;7.20605287251855;53.3413192735744;substation;"220000;110000";010100002031BF0D002CFBD545FC7A2841804913003CE15A41
261;9.31819528207498;54.7160494380133;substation;"380000;220000;110000;20000";010100002031BF0D002CDE0082E1A72F410FC4E8BEB1DF5B41
262;9.27063393311954;55.0370264929238;substation;"400000;220000;150000";010100002031BF0D001C385E7F847E2F4167C136E1571C5C41
263;9.43342934061142;55.0187229420135;substation;"220000;150000;60000";010100002031BF0D006A2AF68C0C0630413DC9F62CDF185C41
264;7.43348912865815;50.4365195813884;substation;220000;010100002031BF0D00BF550173C8402941E5C4D6D75AE15841
265;7.59330185837014;50.3859438273488;substation;"380000;110000";010100002031BF0D00A3C91CFEC4CB2941AF98C92FBAD85841
266;8.12215705538293;53.5658323327544;substation;220000;010100002031BF0D0079B86CC6B4972B411BCDB9CC380A5B41
267;11.561507536041;52.1238924744874;substation;"220000;110000";010100002031BF0D00A20DB8216DA33341F4532478A7065A41
268;12.8139099558581;50.8579185289825;substation;"380000;220000;110000";010100002031BF0D003F696DEE05C43541D2B01DE299295941
269;13.3823234132251;51.3559961800368;substation;"380000;110000";010100002031BF0D0082D3906D31BB36411C6FEB23D77F5941
270;12.0449825822775;50.7812567680222;substation;"380000;220000;110000";010100002031BF0D005560E253A97534411A7734DA681C5941
271;12.518222136544;51.157072596162;substation;"380000;220000;110000";010100002031BF0D00B00D271D72433541F0B9F54D495D5941
272;8.48009530408336;50.5909204714839;substation;"380000;110000";010100002031BF0D001A0F42C8FFCE2C4134889234C0FB5841
273;8.65659925853915;50.6055491603166;substation;"380000;110000";010100002031BF0D00DE77637180682D41145B2B9441FE5841
274;8.08162672435001;52.8586374919795;substation;220000;010100002031BF0D003A93BA2475742B410222A317D7895A41
275;9.56710206574622;51.325257359953;substation;"220000;110000";010100002031BF0D00B0DA29EE2C4030414E6927BA7D7A5941
276;7.74679252616918;52.2885115307228;substation;220000;010100002031BF0D004F80A3FF41512A41817B3A46DB235A41
277;7.91072937298184;48.501288357463;substation;"220000;110000";010100002031BF0D00836930BBD4DF2A41EDBD4B10919D5741
278;7.72570638711988;52.2771949193371;substation;"220000;110000";010100002031BF0D003ABCED66EB3E2A410E08D177D8215A41
279;14.2192283642215;51.1207080075153;substation;"380000;110000";010100002031BF0D003D7BCF421D2738419512465AFC565941
280;13.1034346835086;48.6667929839894;substation;"380000;220000;110000";010100002031BF0D00926236ADEB413641935178C6C3B85741
281;13.0818771402069;48.2565212678656;substation;;010100002031BF0D0037D2E0E68B3836414EA18D5B81755741
282;11.6441811640088;51.9085129245988;substation;"220000;110000";010100002031BF0D0065B8605160C73341A9E5AA129CE05941
283;11.4746908469579;50.6040154970811;plant;220000;010100002031BF0D005ED8F9BDAC7D3341F4D80554FEFD5841
284;10.9910146509867;50.5735270149254;substation;"380000;110000";010100002031BF0D000AE17C275AAB32416B53C1DFC5F85841
285;10.5054991845412;52.3018379177997;substation;220000;010100002031BF0D000C49DBD13AD83141438727AD39265A41
286;9.11362801252575;52.5457924965917;plant;;010100002031BF0D0020F2F8DBF8F52E41691FB9F3B6515A41
287;9.25195510665247;53.114776116457;substation;"380000;220000";010100002031BF0D00724AD5DC456E2F412651742B18B85A41
288;10.369230142447;52.1670924591566;substation;"220000;110000";010100002031BF0D00A9305C6BF99C3141B18B099F4E0E5A41
289;10.4195406715655;52.236960686926;substation;220000;010100002031BF0D00785B3CF6D9B23141B3965F3AB31A5A41
290;10.0876468394791;52.3151305685128;substation;"220000;110000";010100002031BF0D00E408A0B5872231419DB4A2B996285A41
291;8.40314566106411;52.6096453467869;substation;"220000;110000";010100002031BF0D00843EC7CA138C2C41C193A231235D5A41
292;10.2358513564705;52.2934509514929;substation;"380000;110000";010100002031BF0D006D46C6C2F962314118FD0804BC245A41
293;9.51420573091935;51.2590144756796;substation;"380000;110000";010100002031BF0D00C76B8A892C293041E76503BAF96E5941
294;9.38765132413669;51.6407335385965;substation;"380000;220000;110000";010100002031BF0D00F3095B2149E42F41D5D8A21590B15941
295;9.77415048127863;50.5287496740774;substation;"380000;110000";010100002031BF0D00DFF25A74359A30415DB388A31CF15841
296;9.17745969579698;49.0378098900202;substation;"380000;110000";010100002031BF0D009CBFBC477C2D2F411DCB32D80FF65741
297;9.17731116526151;49.0393782085421;substation;380000;010100002031BF0D00704427365B2D2F4170DA806C52F65741
298;9.15135010677356;49.1433826944066;substation;"380000;220000;110000";010100002031BF0D0024039644C7162F41A676286396075841
299;10.1878340307483;49.9812190756059;substation;380000;010100002031BF0D00A479207F184E31411935DAFC03945841
300;9.44691873439718;49.5902629413636;substation;"380000;110000";010100002031BF0D00103CDE2EEA0B3041E6F4F52A30525841
301;9.20736452076848;49.176638012732;generator;;010100002031BF0D00295C8F427E472F41F6285C9F1D0D5841
302;9.69465642193277;49.232592562812;substation;"380000;110000";010100002031BF0D00ACC85F37A47730414F4132026D165841
303;10.1174064728964;48.8970662114643;substation;"380000;220000;110000";010100002031BF0D0013EB6589782F314121F6A36CC1DE5741
304;12.337422941623;51.1969683564517;substation;"380000;110000";010100002031BF0D000462BAA3D3F43441CB6E405834645941
305;10.8675659384379;48.5394691326321;substation;380000;010100002031BF0D0002BF0BE8AB75324184D5A54AD5A35741
306;10.8408696020982;48.2380310170111;substation;"380000;220000;110000";010100002031BF0D004EF87715106A3241FAD6E89D7C725741
307;10.9367289569552;48.401306480313;substation;"380000;110000";010100002031BF0D0017DC3219BF933241E337A9E02D8D5741
308;10.8739358089409;47.2444239523258;substation;"380000;220000;110000";010100002031BF0D00408946FF70783241B90F357CDBD15641
309;10.8637616674018;48.5468231412265;substation;"380000;110000";010100002031BF0D0043EBBA6A04743241F41CD96B0AA55741
310;9.42551240461559;48.06435084547;station;"380000;220000;110000";010100002031BF0D00FCF2C83D9B023041298046CD2F565741
311;9.70423152066702;48.465063744646;substation;"380000;110000";010100002031BF0D00F210861CCE7B30410513D024A0975741
312;9.40063143159141;48.666942461725;substation;"380000;220000;110000";010100002031BF0D001B65190293EF2F4122B2F512CAB85741
313;7.57243737559791;48.0188750160839;substation;400000;010100002031BF0D005291D4BE9FB92941D7B189E2CA4E5741
314;7.75187090778744;48.0964621011703;station;"220000;110000";010100002031BF0D0041DBF0A4AC552A41451A246E695B5741
315;12.4772465439526;50.753120094381;substation;"220000;110000";010100002031BF0D00369A55BBA0313541AB159DCA92175941
316;14.9464973580254;51.0625862109664;substation;"380000;110000";010100002031BF0D00D91D9C795C633941182D5FFEEC4C5941
317;13.8412681302394;50.9901759706559;substation;"380000;110000";010100002031BF0D003DAA91EBC28237416597930969405941
318;13.255555029778;50.9301782754208;substation;380000;010100002031BF0D007F42D7A211843641BF2E52160E365941
319;13.0027821493857;48.2619682848282;substation;220000;010100002031BF0D0063CC7716271636416EB6310D65765741
320;12.2208353829454;48.585732999856;substation;"220000;110000";010100002031BF0D005380012C21C23441B60A20C46EAB5741
321;12.7474442671844;48.1487558579557;substation;"220000;110000";010100002031BF0D00758C36011FA73541087D4392ED635741
322;11.1937278486527;50.1622144748388;substation;"380000;110000";010100002031BF0D003B828D1580033341212A6004ACB25841
323;10.8360157761226;49.9280674466811;substation;380000;010100002031BF0D00313228C2F3673241D33698EC088B5841
324;11.8107025878306;50.1837655408821;substation;"380000;220000;110000";010100002031BF0D004A8CE265C90F344172EF057554B65841
325;12.2968838072508;48.6069099365163;substation;380000;010100002031BF0D00B52001D832E33441370BF8E2E9AE5741
326;12.082254511457;49.2974477819197;substation;"380000;220000;110000";010100002031BF0D00444C7B6BDE853441C0033FE63A215841
327;8.95368125793136;49.5674432054231;substation;"220000;110000";010100002031BF0D00E5150A7ADE6A2E41DAD219BA5C4E5841
328;12.4696440480696;51.3716629567159;substation;"220000;110000";010100002031BF0D00C585016D522E3541CF73B57291825941
329;12.2488239333733;51.197882455184;substation;"220000;110000";010100002031BF0D002910D4D74CCE34410D0BEBF05C645941
330;11.0049169401521;50.5074149865379;substation;380000;010100002031BF0D00000000C065B13241703D0AD776ED5841
331;13.0025899280761;50.8659127554399;substation;"220000;110000";010100002031BF0D0095E495B01116364102C3575BFA2A5941
332;12.2428369607183;50.5674531847227;substation;"220000;110000";010100002031BF0D00334F5760B2CB3441713E93BBBBF75841
333;13.368658482029;52.503142216111;substation;"380000;110000";010100002031BF0D00B4233B4140B53641CC219415184A5A41
334;13.3155159230367;52.521999382843;substation;"380000;110000";010100002031BF0D006D85C373249E3641A5B89C65764D5A41
335;11.7924138767477;48.8382240603814;substation;"220000;110000";010100002031BF0D00E92D0B82D5073441C0E059F607D55741
336;11.3269527279941;49.3934731408745;substation;"220000;110000";010100002031BF0D00E9B3239C6E3D334134E5D6CC40315841
337;11.5077306291349;48.7611239826781;substation;"380000;220000;110000";010100002031BF0D00AE00BDB60A8C3341B744D2794EC85741
338;11.8076056990284;48.4554268046327;substation;"220000;110000";010100002031BF0D00F73966A7700E34413F863CB60B965741
339;11.5813705373931;48.7648940914575;substation;"380000;220000;110000";010100002031BF0D006C695A4510AC33411AC1A1A5EDC85741
340;11.6393728859414;48.1787051737117;substation;"380000;110000";010100002031BF0D002DB6141049C533413812C82ACF685741
341;6.17791450795649;49.9530651407752;substation;220000;010100002031BF0D00D04C2998D4FC2441CB7BEAE0418F5841
342;6.21102035001899;49.958625762817;substation;220000;010100002031BF0D0021B4CE3E9F19254162187F6832905841
343;6.11451707744375;49.9053646883447;substation;"220000;65000";010100002031BF0D00DE4DE2DAB1C524419D9687B133875841
344;6.08346046717716;49.7764406544559;substation;"220000;65000";010100002031BF0D002B256471AFAA24416CB7413C78715841
345;6.27694180505096;49.1977400931517;substation;"400000;225000";010100002031BF0D00DF0953EEF352254156A54F26A0105841
346;6.77320788478575;49.2910742282334;substation;"380000;220000;110000";010100002031BF0D0033D8041B8C0227418D259EEC2A205841
347;6.70365239219187;49.1385112129677;substation;"400000;225000;90000";010100002031BF0D00740E6D570EC62641A32B3427C7065841
348;8.04936357880504;47.5508818875846;substation;"380000;220000";010100002031BF0D00BE120F1C66582B41CD1DA70B13035741
349;7.50006180009675;51.5351741198659;substation;220000;010100002031BF0D00F87DFA1EAE7A29418ACB6EDB179F5941
350;6.97593259448086;51.0376007513607;substation;"220000;110000";010100002031BF0D00ED9A4887DAB227410611ABE39A485941
351;13.2428490535153;52.5349540104397;generator;;010100002031BF0D002A249A368B7E364162B54B02C74F5A41
352;13.2490284051015;52.5316239158784;substation;"380000;110000";010100002031BF0D0048B876183B81364128C60BA82E4F5A41
353;8.56218199023421;49.1329499430444;substation;"380000;110000";010100002031BF0D00F0A47C7A63162D41BC779C99DA055841
354;8.44131550430227;49.2514026918789;substation;380000;010100002031BF0D00EEDB1AE345AD2C417FA83BD58E195841
355;7.93694768255969;47.6490866357769;substation;380000;010100002031BF0D007A70EEF2A1F62A4171CA6829E8125741
356;9.06879107734103;53.5666414353503;substation;"380000;110000";010100002031BF0D001DD0E068FACE2E41A364DDB65E0A5B41
357;6.74137616899692;49.3574919769119;substation;220000;010100002031BF0D001018F01FDDE62641882234DC3E2B5841
358;6.74970012443072;49.3651763762001;substation;220000;010100002031BF0D006B8A995C1AEE2641E3FC2338872C5841
359;6.76601568493305;49.3600771974691;substation;"220000;110000";010100002031BF0D00B5066CD74AFC26413E529052AD2B5841
360;12.1504016727645;49.0127518366844;substation;220000;010100002031BF0D005808F38680A334410C330559E8F15741
361;7.59135990137681;51.9284416773768;substation;"220000;110000";010100002031BF0D001A0F26A314CA2941C2CB9F471FE45941
362;8.45154722589576;49.0074408000765;substation;"220000;110000";010100002031BF0D007A1501DE2BB62C4199B7540207F15741
363;8.99620820363651;52.3795880192563;substation;380000;010100002031BF0D0038F4F1A1DA8F2E41A5F9EC3F0F345A41
364;9.56282339901178;48.7014898485108;substation;"380000;110000";010100002031BF0D00FE729EA1503E3041CFD5F75A7ABE5741
365;9.37084546081154;48.7191233300187;substation;"380000;110000";010100002031BF0D00D7A3707DABD52F41C2F5280C62C15741
366;9.37760581754005;48.8126068944115;substation;"380000;110000";010100002031BF0D00E44EE39B8CDB2F4181792914CDD05741
367;9.82158388744515;52.4248552966861;substation;"220000;110000";010100002031BF0D00E61496B7D5AE3041F36F7314203C5A41
368;9.07622547939074;49.3633869809985;substation;"220000;110000";010100002031BF0D0030FDED9871D52E418E75B4C03A2C5841
369;10.1602886936824;49.9891924544879;substation;"380000;220000;110000";010100002031BF0D002BCFE7291E423141AC86FD175D955841
370;10.1964889023409;50.0279672124052;substation;"220000;110000";010100002031BF0D006A3ED6F3DB513141A257752BEC9B5841
371;10.8431178133481;49.3786927308217;substation;"380000;220000;110000";010100002031BF0D009818855A0A6B3241A615F1E7C82E5841
372;9.09051758008411;49.970041398809;substation;"380000;220000;110000";010100002031BF0D00AFE57C93DFE12E4176B7E54920925841
373;8.81399422708791;51.9834366629029;substation;"220000;110000";010100002031BF0D00C336CCB262F12D418EA23FC9D2ED5941
374;8.9322184779311;52.1933124598334;substation;"220000;110000";010100002031BF0D0008CF750634582E41681853A5F4125A41
375;8.95904416676652;52.2784949940029;substation;"220000;110000";010100002031BF0D00ED962278886F2E4168BE729A13225A41
376;9.59430167337064;49.7984427353847;substation;"220000;110000";010100002031BF0D009125DCC6004C30410B335CA42C755841
377;10.9729039325696;49.5585074124969;substation;"380000;110000";010100002031BF0D0055480B147AA3324199410C52DD4C5841
378;8.95464418290241;50.0860157590432;substation;"220000;110000";010100002031BF0D00AC8481DCB46B2E41D4B59066C0A55841
379;7.17590444499639;51.4755782661564;substation;220000;010100002031BF0D00CDA2BE0EC4602841CEC68E46AF945941
380;10.9993330683763;52.2001420103124;substation;"380000;110000";010100002031BF0D006C2AFF27F8AE324198B359BA2A145A41
381;10.9772332757472;52.1694333350195;plant;;010100002031BF0D005F57C1045CA53241469306D6B80E5A41
382;10.2316415853389;48.5297622821597;substation;"380000;110000";010100002031BF0D001A349A21256131411264E3533DA25741
383;10.2224540615723;48.736752273795;substation;"380000;110000";010100002031BF0D0038937B61265D31410DD015CF49C45741
384;9.64533508631729;47.744596124126;station;"380000;110000";010100002031BF0D00C3AD53CA31623041DAE90D5B55225741
385;10.4015869070369;48.509929747715;substation;"380000;110000";010100002031BF0D00AF84A15B0BAB31410AC53D0AFC9E5741
386;8.80962335538861;50.2034747936076;substation;"380000;110000";010100002031BF0D00BDE76E9295ED2D413E53833CADB95841
387;9.72460612931408;54.2882702857739;substation;"380000;110000";010100002031BF0D003FC1D533AA8430415BAF38589B8F5B41
388;9.09714224323827;48.8277618563586;substation;"220000;110000";010100002031BF0D00407E007CA2E72E41DF8EA9A34DD35741
389;8.62886498196432;51.9936340947976;substation;"220000;110000";010100002031BF0D002EA53AB661502D41CE66EE9F9FEF5941
390;10.0604081360095;54.3487708354365;substation;"220000;110000";010100002031BF0D000894C882AF1631411E5D50FFE19A5B41
391;9.44963659025525;53.9672865006218;substation;"220000;110000";010100002031BF0D002FACC0BB180D304171659FCB0E545B41
392;8.25885999852837;47.634211656147;substation;"380000;220000;110000";010100002031BF0D00BF00DC2D980E2C41DC2B3AC081105741
393;8.23209447381297;47.5561435091375;sub_station;;010100002031BF0D0041F9452151F72B410CEBCD02EC035741
394;7.75259058725135;47.5391330387172;station;;010100002031BF0D006F217DDF4C562A4127D2A2A72E015741
395;8.8615258022405;47.8064353563593;substation;"220000;110000";010100002031BF0D00003A7514B91A2E41DE0DA031562C5741
396;13.1456729795316;55.5016026150068;substation;"400000;130000";010100002031BF0D001C92499F49543641C111E3FAFD745C41
397;10.802357996432;53.897547454034;substation;"380000;110000";010100002031BF0D00F4DFD4FD50593241BD7381352E475B41
398;9.21565020993259;48.8523053561223;substation;"380000;110000";010100002031BF0D00A3B436FAB24E2F4160DC97705BD75741
399;10.4012814871377;48.5146084231503;plant;;010100002031BF0D0098C1D65BE9AA3141A1B63B97C09F5741
400;8.7375726951153;51.7001693121241;substation;"220000;110000";010100002031BF0D0087205049ECAE2D41E223982EFBBB5941
401;10.6414677999401;53.9191626781128;substation;"220000;110000";010100002031BF0D003135DBC65A1332416B9BDD602B4B5B41
402;8.67371735734288;49.2904393997661;substation;"380000;220000;110000";010100002031BF0D00E69C589963772D4138F226D60F205841
403;9.48789511822337;53.6365577774589;substation;220000;010100002031BF0D0063163CA7BB1D3041BCFF08BE2D175B41
404;9.49151084954643;53.658098307544;substation;220000;010100002031BF0D009EDA95274E1F3041F512BC12211B5B41
405;7.47226690078348;47.6466103567282;substation;400000;010100002031BF0D00D54697E481622941FDA8EFDD81125741
406;13.4428542096901;48.4345464156274;substation;220000;010100002031BF0D008D6678AF83D536413590EFB09F925741
407;13.7106901435785;48.5193051781923;substation;220000;010100002031BF0D0025B8920BFB493741053656EB85A05741
408;6.02502881768955;54.3540286881643;substation;;010100002031BF0D007B14AE47DE7724410AD7A310DD9B5B41
409;6.02498902232246;54.3549885956081;substation;;010100002031BF0D00B81E856BD57724417B14AEE70A9C5B41
410;9.09183530449903;49.2946188998807;substation;"380000;220000;110000";010100002031BF0D008E49F4F304E32E413108042EC2205841
411;8.66378320316657;49.3600874127032;substation;"220000;110000";010100002031BF0D00B96179DEBF6E2D4162454EC2AD2B5841
412;8.34912539209225;49.0130521480765;substation;"220000;110000";010100002031BF0D00224B41C6185D2C4186D21517F5F15741
413;10.3884722351089;52.1513649609601;substation;220000;010100002031BF0D006016787057A53141EAD8B325850B5A41
414;8.82002488315228;53.1073883132157;substation;"220000;110000";010100002031BF0D006398885BA1F62D41608FE6A6C1B65A41
415;8.30626269672421;49.0128258799272;substation;380000;010100002031BF0D0023501ADED1372C419DEA4B7DEBF15741
416;6.21619298912827;50.9123618338628;substation;"380000;110000";010100002031BF0D0042B25EE01E1E25415C1C618AFB325941
417;5.91852741859707;51.148426414922;substation;380000;010100002031BF0D00B672BEEA3E1B2441E9F818B0C95B5941
418;6.2140153990158;50.943899913974;auxillary_T_node;380000;010100002031BF0D00F6285C0F3A1C25410AD7A3106C385941
419;10.9662584468418;47.2695304993372;substation;"220000;110000";010100002031BF0D0009C5634E96A03241F9AA2EF4E0D55641
420;11.2777217970161;47.4958778262174;substation;"220000;110000";010100002031BF0D006BAD6C3F06283341C276E53A38FA5641
421;11.2869439219167;47.4928625176028;auxillary_T_node;220000;010100002031BF0D009A9999D9082C334185EB5108BCF95641
422;13.5053369296479;52.4747789067655;auxillary_T_node;220000;010100002031BF0D00AE47E13AAFF036413D0AD7C307455A41
423;8.46542981639864;48.043523652334;substation;"380000;110000";010100002031BF0D0079BC4AAC3EC22C41F9754DABCC525741
424;8.53055554991256;47.9148481845625;auxillary_T_node;380000;010100002031BF0D0033333333E2FA2C411F85EB11E73D5741
425;8.24872907301797;48.846316555802;substation;"220000;110000";010100002031BF0D00C726E4A3C8052C415F5565295ED65741
426;8.24975045659741;48.8491773731136;auxillary_T_node;220000;010100002031BF0D00A4703D0AAC062C415C8FC225D7D65741
427;9.45967747872262;53.8646575042439;auxillary_T_node;220000;010100002031BF0D00AE47E17A76113041666666661D415B41
428;7.37185639416872;52.1977067098446;auxillary_T_node;220000;010100002031BF0D009A9999992E0B2941713D0A27BC135A41
429;7.42474524551043;51.4592583943398;auxillary_T_node;380000;010100002031BF0D0085EB51B82D39294152B81E35D6915941
430;7.12336046768833;51.4473443869048;auxillary_T_node;380000;010100002031BF0D0085EB51B81133284114AE4721C28F5941
431;7.41670797342798;51.4570521949625;substation;"380000;220000;110000";010100002031BF0D00EE7E574F30322941BC9C25AB73915941
432;7.41658270368128;51.4607824146291;auxillary_T_node;380000;010100002031BF0D00B81E856B143229417B14AE471A925941
433;6.60879226770999;51.0346787720857;auxillary_T_node;380000;010100002031BF0D007B14AEC78E732641295C8F9219485941
434;6.80890626354321;51.2686076250227;substation;380000;010100002031BF0D005CB8CBF4972127416FAEE762A4705941
435;6.72033167479422;51.3441235773954;auxillary_T_node;380000;010100002031BF0D00CDCCCCCC8FD42641B81E851BC67D5941
436;7.13937482408986;51.5608313916517;auxillary_T_node;220000;010100002031BF0D003D0AD723FF402841713D0A1794A35941
437;7.41946378046051;51.4575100936229;auxillary_T_node;220000;010100002031BF0D00C3F528DC95342941EC51B81E88915941
438;7.19597934376965;51.4115753101187;substation;220000;010100002031BF0D009FB73A8339722841796ED98585895941
439;7.17920271018964;51.4218244823956;auxillary_T_node;220000;010100002031BF0D0014AE4761A26328411F85EBE14E8B5941
440;7.3242796091518;51.6213875062827;substation;220000;010100002031BF0D0043692D27CEE12841F6F665B62CAE5941
441;7.34371343395865;51.6131049996992;auxillary_T_node;220000;010100002031BF0D0014AE47E1B4F22841B81E857BB9AC5941
442;6.52272548882226;51.3224954692993;auxillary_T_node;220000;010100002031BF0D005C8FC2F5B4282641AE47E1BA027A5941
443;7.09582677727405;50.8268716856964;substation;"220000;110000";010100002031BF0D000E59AFA51F1B28410AD3B79141245941
444;7.09435799941442;50.8269670893312;auxillary_T_node;220000;010100002031BF0D003D0AD7A3D81928415C8FC2C545245941
445;7.82599052323945;51.7500676098869;auxillary_T_node;380000;010100002031BF0D00F6285C8F22962A4114AE4701BDC45941
446;9.1451805625003;52.8532463209582;substation;"220000;110000";010100002031BF0D002411D6AF69112F41B59A8C9DDE885A41
447;9.13794801567189;52.8470269944345;auxillary_T_node;220000;010100002031BF0D000AD7A3701F0B2F411F85EB01C0875A41
448;8.31888929686007;52.0660374671048;substation;"220000;110000";010100002031BF0D0001F07D0ACD422C41C2706CAC6AFC5941
449;8.33466775124759;52.0705200978987;auxillary_T_node;220000;010100002031BF0D000AD7A3F085502C41CDCCCC9C35FD5941
450;8.57049671356967;49.4986469918577;auxillary_T_node;220000;010100002031BF0D008FC2F5A89E1D2D4152B81EB5D6425841
451;7.25465688214231;53.0266716315927;substation;380000;010100002031BF0D00B61E856B41A528416566663E27A85A41
452;7.25501782522347;53.0267136928067;auxillary_T_node;380000;010100002031BF0D007B14AEC791A528410AD7A33029A85A41
453;7.98187840842773;51.6766515664854;auxillary_T_node;380000;010100002031BF0D007B14AE47B51D2B4100000070DBB75941
454;9.92382990036197;51.8975617892672;substation;220000;010100002031BF0D00B046F4B04BDB30415113A01DAEDE5941
455;9.8524162497002;51.8987653028483;auxillary_T_node;220000;010100002031BF0D005C8FC2F53DBC304152B81E65E4DE5941
456;9.71674655813334;47.4326674334264;substation;"380000;220000";010100002031BF0D00F5C46D473F813041E43DBD250EF05641
457;9.42405272000571;48.0629521095266;auxillary_T_node;220000;010100002031BF0D00000000C0F8013041E17A148EF5555741
458;9.41368131072443;52.0274828920508;auxillary_T_node;380000;010100002031BF0D00B81E856BECFA2F41F6285C0F9AF55941
459;11.4339593349585;50.6527635232062;substation;220000;010100002031BF0D00B447EA87F66B334189D616FC58065941
460;11.4713303205045;50.5977206630367;auxillary_T_node;220000;010100002031BF0D00666666A6367C334133333353EAFC5841
461;10.3552149923206;52.1758110157759;auxillary_T_node;220000;010100002031BF0D00295C8F42E1963141EC51B83EDA0F5A41
462;10.7027320091441;47.8264598353378;substation;"380000;110000";010100002031BF0D00B31F67ADFE2D3241065CDA15942F5741
463;10.7037422782749;47.826415980499;auxillary_T_node;380000;010100002031BF0D003D0AD7236F2E324148E17A44922F5741
464;10.1949335038034;47.9709369066385;substation;"220000;110000";010100002031BF0D008EA36ACE2E51314178BF814801475741
465;10.6412868211872;48.027451234708;substation;"220000;110000";010100002031BF0D0059A25CA14613324145B74DBD2F505741
466;10.6418026309511;48.0258492685192;auxillary_T_node;220000;010100002031BF0D00CDCCCC0C801332413D0AD713ED4F5741
467;12.789238190432;50.6270562614499;substation;"380000;110000";010100002031BF0D00286AA57B4BB935419C8B67E3F0015941
468;12.881244953781;50.518645665309;substation;380000;010100002031BF0D00E7A708A14DE13541857DEA5762EF5841
469;12.8259720721456;50.656844395994;auxillary_T_node;380000;010100002031BF0D00E17A14AE44C93541EC51B81E0C075941
470;8.67009930715852;49.3092022842852;auxillary_T_node;380000;010100002031BF0D0048E17A143E742D415C8FC29530235841
471;9.22808876359609;51.8124534028391;substation;"380000;110000";010100002031BF0D00A504C94884592F41C754D059B3CF5941
472;9.23187011256161;51.810119094224;auxillary_T_node;380000;010100002031BF0D008FC2F528CE5C2F41666666464ACF5941
473;10.2341629653667;48.5289320988725;auxillary_T_node;380000;010100002031BF0D00F6285CCF3D6231410AD7A3701AA25741
474;8.73513579910005;50.1591915696539;substation;"220000;110000";010100002031BF0D00825003BDCDAC2D417C57FBB228B25841
475;8.87225969129667;50.129725329782;substation;110000;010100002031BF0D0033C3AEDC0E242E4146477B1729AD5841
476;8.74326061918;50.1623379810729;auxillary_T_node;220000;010100002031BF0D003D0AD7A3DEB32D411F85EB61B1B25841
477;7.9575374814085;47.5721591414516;substation;220000;010100002031BF0D008FB5710A8A082B414E28A48E80065741
478;7.95849118010968;47.5791483759393;generator;;010100002031BF0D0078DA0D5F5E092B413F9B26E2A0075741
479;7.95027801235215;47.5916738651471;auxillary_T_node;220000;010100002031BF0D00CDCCCCCC39022B4114AE47B1A5095741
