id,lon,lat,name,osm_id,voltage,type,line_string
1,17.6611254833,48.4137581582,None,94450174,220000,line,0102000020E610000038000000D6A6265AB0AD314030C9728AE43E4840E6A394A983AD3140D6F3B7D4903E4840D2A8597018AD3140C37711F76A3E484053DBCF47F5AC3140204E43A53D3E484070C77425AFAC314017FBA690DB3D4840F6E3E59A67AC31405F6D2FF8783D484028E8391A24AC3140E908B8B21A3D4840F7866ED8DEAB3140B8846318BA3C48402FEFA82097AB31404CA81145573C484065BEA97650AB3140A3F8A205F53B484064630C130FAB314016BF37AF953B4840C6D4547ED0AA3140A97DDF02403B4840FA71E2EF8BAA3140260166F6DF3A48406379840847AA31406038FD05803A48400444FECCFBA931406218C6B71A3A48403B13FF22B5A931400A656074B63948406F49C6866FA93140A8284CD15339484033F3B59860A931404A372E57EA384840EFBBB24B51A93140BC10B4CB833848402B0AC1E042A93140B69F1FD31C38484004F3AFB432A93140588DE815B637484079DD45D521A93140056F11EB4F374840B7C48D5C12A9314024C29B93E8364840274B3DB405A9314002CCCE328C364840CF06AE89F5A83140FA0FD098263648403F8D5DE1E8A83140617E3268C03548404E799A4ED7A8314004A1808F5A354840A211CB69C9A831402D251754F3344840FA74A85BB8A8314030EA82CF8B34484005FDFEFFAAA8314088846A5C25344840DEBE9DB39EA831402F699FF0C1334840EB9FB75C8BA831400572D03D5B334840F95981E57BA83140E61A638BF4324840D010FDD46DA8314061FD52369332484007B08BEF5CA831403C2A13B430324840DD6607DF4EA83140598A6016D331484027D39E7B40A83140B9ECDB9375314840FD891A6B32A83140E8BF280E2131484039D8280024A83140C3015182C0304840422E0CC018A8314048F3E0A77730484051810F3B08A831404E58255019304840269F5138FBA73140C0DCC148B82F48402E5CFB05F1A7314033FF1306752F4840041377F5E2A73140AC29F7811C2F48401034078CD4A731404D4EA4F4B72E4840E883BC6DC5A73140AA1264C0532E4840913F2D43B5A731402CA7834EEF2D4840CE8D3BD8A6A7314054B53108932D484040465E1498A73140DFF17360312D4840B397BA4288A731409D313ED0CA2C4840F3B075AE76A73140C0C952D7622C484030D833236CA7314083453686112C4840A32990515CA7314020BF7FE4A92B484046A86A7E4CA73140A7CE83A64C2B4840BA9795434DA83140458B1A84242B484013E12CA682A8314087BCFFF91D2B4840
2,17.6628695424,48.4161245739,None,93471768,220000,line,0102000020E61000003E000000163B94FB4EAE3140FDA62E02183F48409F1B77F976AE3140404027690E3F48403CE8BDAE79AE3140D152A306F63E484051856163ABAE314085A3B8AFD93E4840862DAC734EAF314054712F1A7C3E4840397BC238A9AE31400A79AE213C3E4840303B576EECAD3140A52607B6F43D48404BE089EB41AD31402EBC2AE8B03D4840FAC9B9E7A0AC3140E66CD450743D4840FC2EA6965AAC31405EA7FAE9103D48406FBE9E5308AC3140B4870635A23C4840DD02D714C3AB31400DFFCF873F3C4840D306BD3F86AB31408139DEB3EB3B484038AA788F45AB31408DCE1D71903B4840D8FF01F305AB31403C7608AC383B484036A69D87CAAA31404F597D42E63A4840D662EDF88BAA31405651E03C903A48403822D6A445AA314000881A4B293A48409872CF9FF4A93140C16F9946B93948403300B3BBA9A9314041811C0450394840F7E9252999A93140CED5A635E338484094F9F6C88BA93140E8A6F1DB883848409B9D6D5B7FA93140D9EB538532384840A9706A1F72A93140FD290CE2DC374840F0D1DEF761A931403199CBF0783748407D38FD1456A9314096D6150E28374840F7EA45EB49A93140558BC75ED13648405DF7C8F13DA931402F5CBE2478364840A18D90F330A931409CD559DD1B364840DBA92BA424A9314059DE2657C8354840B23957731AA931406732C20F733548408A890C550BA93140DEB6CB5B1E35484061408844FDA83140BB5142C0C43448409E0080ABF1A83140135E8A28703448400E872F03E5A8314063A8905C1E3448404AD53D98D6A83140CEE52B60CD334840BB349DCFCDA8314037B8F5AC7D334840627E24D3BAA83140ABE0B1A3143348409B736F63B2A8314015CD818FC6324840D68F0A14A6A8314082CB594E70324840E57B478194A83140ED7DB1BF1A324840ED38F14E8AA83140AFC5FC89C531484091907B5B7EA83140B51AD2CD6E3148404B3228EE72A831409F41C4401B314840F1493C0D62A83140EC0E09E0AB304840465456FA56A831400312D30061304840BA179CFA49A83140CA2BE26108304840F6CC709D3CA83140A865E9B9B32F4840CD83EC8C2EA83140545A3A64532F4840DA3DB6151FA831400B6CA4F9EC2E484080EE03270DA8314048658C62852E4840F2A62663FEA731403F9E79DE2A2E4840FC954315F2A73140D042969BD52D4840A1860714E5A73140A4B17046812D4840DDD415A9D6A731405D6EDD8C292D4840502672D7C6A73140100DE876C12C48402A0F61ABB6A73140EF363024592C4840CFFF24AAA9A73140E2F6D0A4082C484075B072BB97A7314031F7DAC6A02B4840B2D730308DA7314079B37662592B4840BCC6F42A60A831405611D6FB362B48408D1B711E97A831404765DCAD302B4840
3,18.7101545265,48.7752202684,None,175187681,110000,line,0102000020E6100000490000008FB8F3E3B2A63240E986A486476B484022BF54D4FEA63240DB9F90F52D6B4840BB44C30383A73240E85FD970036B4840C31E6EA6FCA73240AE392980D96A484097F2DDFC78A832402B76DF2EB16A48401695E34504A93240BDA0CF23886A48404DCB5E6097A932403CF2AACB5C6A48408D06166B35AA3240A115346E216A48409EF01254C2AA3240C2258284F5694840A4841F0F61AB3240A15CEBB1C16948408F54043DECAB3240D3F41F41946948404FE366B386AC32402B339F3E61694840F9DC1A6013AD3240C5FE49C037694840FC3EB436B4AD32405B81F0C803694840CF36534248AE3240FCF87379D368484005467E3CDFAE3240C196DE06A3684840FE1AC6A461AF32401F72AAD5786848407640A57BF5AF3240E89E1EC24768484051439B0371B032409CA5007F1E6848405CC9B12302B132401449E472F0674840C47D520C7FB1324009AC7C8FC767484040FC015606B23240D0600C2D9B674840E27080C984B23240AF7F1AD973674840E5BCEDF314B33240A2F1E65E4367484065B5A244AFB332402F5B3F261267484045978A82F7B33240E5AC56C6D56648403848620F83B4324036AB7B1063664840F65AE51FC3B43240A1B47CE22D66484005ADC8D801B53240E9971711F7654840C4D87E2444B532404FF8755DC3654840C381AF5A84B532402D3F10C48E654840010F2189C3B53240BBE1865E5B6548407D67A074FFB5324066F70C5B2965484077D033734EB6324082DCE71CEB644840C90064E29BB63240BB1F155BAC6448406F7B17BEE9B632405ABDAA5B6B644840F915694230B73240382AC72130644840A9A38FCF75B73240FCDCF45EF76348403DDF5DC5B7B7324040345A9DBF6348409328DB4BFAB73240357C54F18A634840C9E2836E2CB8324011F17656616348401EF352C2E3B83240001A7C8CC9624840E88A25E824B93240565B88F293624840112431066CB93240F7E1D4245A624840EBBD5FD7B2B93240037FB2F01D624840F26BCCFDFDB93240C83E5DD0E161484073D78AE24BBA324098C749BFA0614840D9FD072FD2BA32405846B04D30614840229EDFA00FBB3240D03502B0FC6048401045A7BD50BB324099D83DC0C6604840EF9B72EE93BB32405B0BB9B09060484053837F33D3BB3240CBEE72DF5D604840A7027D13C3BB3240CC064224266048406E3796A0B2BB32401038ACC8E85F4840B963B74F9FBB32400200C701AA5F484019C1BADB90BB3240FA7A5FCF755F48408F9D40857FBB3240D538B8853B5F4840C0A989EF5FBB3240C1BC67CDC85E484054A601BA4DBB32408C2910448E5E4840A9F09E0241BB32405267037C545E48409B0D911E1ABB32400043E5F4DD5D48401D35FE0DE8BA3240DEF10CD5335D4840E0EC0A05D3BA3240D83782F7095D484086470F34CCB932400384D39AD05C4840D121C2083FB93240C814F929715C484004769D9534B932400BC72FF6375C484094AE4A2092B9324061ED1C60025C4840F44C8BA418BA3240209AFD01DC5B48402CC3891AAABA3240350D0ACCAE5B48400CB33586CBBB3240D1814DF1D55B4840A8141C4917BD3240DB9CBEE5275C4840E2625E93D4BE3240D4C15B73695C484008CAF6CC1DBF32409A0173AF7C5C4840
4,18.6006677062,48.8992617578,None,203229373,110000,line,0102000020E6100000330000008FB8F3E3B2A63240E986A486476B4840D1263E95FFA632405F2FEB7A736B484031F5FDC249A7324049FEA1339C6B48409AF250908CA7324085906ED8C26B48409A97B32C4BA732408BBF7615016C4840B78B5A6322A7324083A9B721326C484061EA537689A6324091879F90536C48404CC7F4A398A53240EB472F96896C484093E71E16FAA432408AEA0BC2AF6C4840D5E1FE4D1DA432406EFF2424DE6C4840DFBF43D54CA33240C19EEA370D6D4840B250758A00A3324070C7F4B2466D4840F17559A0AEA23240ABC036C5836D4840FA30290F5DA23240319FE8ADBF6D48409D2D16B80FA23240B6D25628F96D4840D6EE1305C2A13240E303F9AC336E484013BB341676A13240394ED89C6D6E48405379521E23A13240A08AD234AA6E48402A95BABCCEA03240FFAB29F4E76E4840FA33EF7A89A03240CE4490861B6F48400461A8BB3AA032400339CB354F6F4840262624C3E49F3240D6E797B8926F4840ED3F2348919F324022614915D16F4840904A2DD63D9F3240A534CC080F704840C4F717B1549E3240963065F4C07048409C856921039E324045B2B751FD70484030C0700CB59D3240C905CCF1367148400278F2E1649D32406FC6989E72714840107058F9129D3240640C141FB071484039AFE675C99C3240AC51465EE5714840868B8D85769C324018490A9E247248403EEEC910249C32403CE106F660724840B661A2DFD09B3240DC1550AE9F724840F803938B839B3240A2AAB817DA724840E1FA1323329B3240121C41F316734840E5C3D92CEE9A32406D77B7C8497348409C8DDCC59C9A3240F93EC16686734840E21B08948C993240EB6313404E744840B4A6777484983240CEE4295C997448402E5C86B6A49632405342D935087548404F1A13B9E895324065EFD82F7B75484018BD477E59953240F6AE2A571076484098318135969432407C0A5A50847648409CC6F9FB0C9432401F907D07E2764840364F2E97BD923240A76AF384B2774840F513D04340913240B1633B289E784840C763DA4C238B32403DABEF062B7948404A6E46676D8A324012E4CF963B7948408505FA722B8A32402AAB3EDF6C794840959DE1385F8932407F967364A679484009B5D5972D893240248CD090087A4840
5,18.5015877091,48.9790906937,None,87013590,110000,line,0102000020E61000001100000009B5D5972D893240248CD090087A484071CD9B24D488324080517B62417A4840CB8A5CDD6D883240DFA2C059827A484006C14A8B148832400E590F15BB7A48407B90D311BA8732407EC5618BF47A48401E29F4CD63873240E7CEF0542B7B4840408495CA2187324016AF8741557B48402C0DE15076853240F40036B8647C4840B618070B7183324094EFA4AD997C48405335873CEE81324040ED2A12BE7C48402B5DEFF5EF7C32408D767F028D7D48409DA7C244947B32407BBCC996BD7D4840929D7E1C647B3240BD88B229517E4840B9A48B96397B32407784500B807E4840B4B28131477B3240FB5DDE7E917F4840870D7FD6747A3240DC0B99840980484074747506F97832406AD5996ED4804840
6,18.3929281775,49.0430571223,None,149906737,110000,line,0102000020E61000001B0000005285EC909D4C324026D859AF55864840295D9D14AF4C324013B42B1C4C86484094A16242564D324071BFE2532E864840BB313FD7D54D3240CBD232901E864840AAB39DA05B4E3240C6D8EBF005864840A2506406FD4E32400151B9A519864840D11FD8ECAF4F32408C47B57D2F8648405C7B7A8E8150324026DCE49D4786484056F6F80B4C5132402F70E61560864840FAED387C91523240B448A6698786484024CBA2FD515332403D56BEAC9E86484076517506B553324036DD30A4AA8648407BEC56EAC6543240AC4DD4BCCB864840159EB74C525632400D3B07D2F8864840F109681D095732406118ECAA0D8748405FF28901B1573240FC5234CF208748409717E1A758583240FEF383EC338748406B6A2A852759324079F96E824B874840C2D3BCDDD8593240E60410BB5F87484012CB3E1A9B5A3240D296EFE075874840E48755945C5B32403DE682F08B874840D4E76B750B5C324099D5DADF9F8748408E0FD425BF5C3240199B5B5CB4874840EA22624F6F633240DB9B973BD6874840DF6ED303FA6C32400186DC2FB0854840AFD6E9ECE0703240EF0CEE107B82484074747506F97832406AD5996ED4804840
7,19.4837650138,49.0922612989,None,69908168,110000,line,0102000020E610000009000000AA48AFC9C87B3340A48BE43E7D8C4840646C9529227B3340253BCFF1368C48401E7FFE5D6F7B33406CCD47E90B8C484063BE03049C7B3340159BA6BEE78B484031D6F6BCCC7B3340213D38F6A68B48405A3D9C640F7C3340DE992295718B4840E64EDFF27D7C334072CD5CF2558B484009BE5FA9F17C3340D8B0B901388B4840CFD01672177D33408312F735308B4840
8,17.1214746515,48.8416761357,None,259240427,110000,line,0102000020E61000000A0000001BF5CF4A142131402E9BF6CB7D6B4840ECAD64747B203140ADAB0C66806B48404FDD4F25F71F3140433EB8FD7B6B4840A65D87A38A1F3140021EC295976B48402EC6BEFAF31E3140995BCFF5876B4840050977B99B1E31400FCFE867AB6B48402AD1132C2A1E3140F0E5B65BDA6B484059767CAC161E31409D4ED22C146C484031F27C782F1E31403A262FEE2C6C48403723EA766F1E3140132AF1CF506C4840
9,17.2659942703,48.7655908708,None,350178062,110000,line,0102000020E61000006B0000001BF5CF4A142131402E9BF6CB7D6B4840E7F1DCB0CD223140EB65ACA86B6B484028E4FBB2982331407D766D63626B4840A4A408B7652431404A63384C5A6B4840E9AC60D33A253140CB933E20516B48404190DE560C263140BD77C775476B4840986E6E7EAB26314014D460FF186B4840501CD1274C273140810B0A57EA6A4840E61E1835EF27314041327AE4BA6A48404BF4E04392283140DC21F53A8C6A4840B6AD96D22D2931403BABE6A95D6A4840DBAC2E60D2293140280C19532D6A4840A1833DD5742A31405BF5BE10FE694840E95267C0CB2A31406BC45083E4694840B6907D694E2B3140F88BFA6FBD694840EFFB72F7D02B3140582F302FA469484011C2B5090B2C31407D7FAFBD86694840FBE24107802C3140A30FF793636948400A635777272D314031686C283369484052CA8D24D32D3140C6B7C85601694840ABDA83C2762E31401B3F80EAD0684840A15E0A7F1C2F31402A37DA7DA06848406ED688F7C02F3140AAC4857B70684840FBAC43F45C30314085E0D601426848405DDEAF4CFF3031406AB3DB4013684840D50B917CB0313140947E62A2DE674840C507E8DE4F323140CABB10B7B0674840419CB666EE323140586AD48981674840FE381CE68F333140B672A61A51674840870FBD06393431404DA894F120674840CFE388049B353140CF660355B86648408F7DF46244363140C7A0037586664840CD145C25DB363140354743615A664840DE3BC86C7B3731409A2DE3FD2A66484071F3685A1E3831402F8A299AFB6548402F2C0F5BB0383140A367D764D065484069F2AEBA6D393140175E327698654840EF59602A0C3A3140FE7A54766A65484051EC8472CC3A31403EE5054F316548408CB03D05493B3140DF153B320C6548401E9D3E8AE83B3140D24ACFF1DD644840ED9FD90F923C3140FB80F127AC6448400504F6DB243D3140F22B2CE18164484092366EFEB23D3140AC7AEDDF56644840EE3B6822413E31402390855B2C64484033EE1DA5003F31408DDB4084F563484051C13690973F3140679A33BDC86348406FDD0160F43F31401EAEAA0DAD63484039D0647B7D403140EAF5635D866348401DEBAEA229413140BA641272546348402A9B29E0A14131403B3B5BDA32634840DA241CAE4B423140707D496D026348400816D87CD54231407B7A3768D66248405D52F2BAB4433140B80807A09A624840FCFDB79270443140C379DC3565624840D902A2552645314098E3DD30316248406E96138EB145314036CBAEAE09624840B77D50F259463140DB9B5007C96148402FE9CDB0C846314094A8DE9E9E6148403303E2D24D473140C7DD35866B61484090A115E9DA4731406A7B861936614840F36EC2C26D483140C736E940FE604840C1532F43E94831402FFD6A6DCF60484073DD211193493140A8C898B88D60484041CDA4E7164A3140D71D44895B6048405E1DB08CBF4A31408F915F101A604840E0C7D10A5B4B314034BEAE2DDF5F48405BE7AF31054C314008D19B459E5F48401BCFBBD0A64C314077E86F26605F4840D2E3F1F5414D31405D053925255F48404F9C090FEB4D31401442F51CE45E4840A6D649EE824E314087387627AA5E4840FFB4D915224F31401625A12E6D5E4840E039E46BC74F314001844478315E48409DEF7C266B50314034811495F65D4840D983C37D1D513140DD847911B55D48401408F9B49B513140F258C8EC865D484067E968214052314027D59CFC4A5D48401D97CBCAE0523140D869C9C6105D48407A9CC5EE6E533140C54D34C0DD5C4840CDE408D70D543140CD4C5A3CA45C48407CD5C1B2B8543140F9272CD9655C48405E65E25E66553140D413B19D285C484037971DF20156314012C8CD09EF5B48406196DCC99256314050FDC0C6BB5B4840AA9C67F519573140402FB038905B4840836FDED3D1573140E554301D565B4840FA5126527C583140C9708E4B205B4840D2F2294C3659314054C5DFF3E55A4840164F30C7E6593140BA1B8E76AD5A48405EE8CCEA965A3140AEC04704765A484005AAF226495B3140E3757EDF3D5A484049DFA881FD5B3140C96D1FFC035A484025E49244B35C3140AA8FA341CB5948400210CD27655D3140774587FC92594840AFA7C2FE155E3140EDAA72115B594840FE245910B85E3140CCB13CF92659484009FEFDCC735F3140900F10CDEB58484031CB49C006603140C4312BD8EC584840FA184A3FD160314014C2A65AEE584840F69EEB809D613140EA8A358EF0584840402C5FFA8D6231407A2E396AF25848403F0BC44054633140601A1663F4584840054AC6F3A163314033D7B1B0A7584840D0AC3882E66331404C31B1456458484060E8EC9B356431403E454B7D1558484036DEBEB67B643140223F5AACCF574840
10,17.3958506541,48.6760089311,None,191969994,110000,line,0102000020E610000009000000330809F86F6431401335B7B256554840361A0E53DE6431407286A80A88554840C75FB8008565314025D08384D155484070535121356631409B8AE92C1F564840ED382D9ED76531403BE77DE07A5648406885CF287B6531404BFB832DD5564840A49F907A27653140654DF29F2857484019C8C229D46431405EF2AA367A57484036DEBEB67B643140223F5AACCF574840
11,17.3982444691,48.6097408719,None,400109155,110000,line,0102000020E610000002000000EBB20B5BFE653140A630165E144E484038B8E957E86531407ACF369C034E4840
12,17.3958339905,48.611165415,None,290079424,110000,line,0102000020E6100000030000008A5FA363AC6431402984E2F6604E4840C6E2C546736531407F0702E5334E4840EBB20B5BFE653140A630165E144E4840
13,17.405286616,48.5609312762,None,210653570,110000,line,0102000020E610000033000000DE41E2F723723140C5D5D082FF41484040F4CD80947131407859063200424840CBAFBABE1471314007ADC2EA32424840BB37A7A78A703140AF5AFD8C6B4248404E55A04FBF6F3140FC951026C0424840CC0F6B80DD6E31402A6B185920434840B02B2E215B6E31407C67A63A5A434840DBE5D4F8DB6D314096C71C3692434840A8903261566D314056F644D9CB4348402E0473A0CE6C3140D7BF834307444840479867CD456C31407FD9B6AD4244484078C05027346B3140E883EA9EB94448400A5A1CC7C96A3140A77FEC45E7444840BFA42BFD326A3140BFB5DA292C454840770EFC8D8E683140A77FE40EE5454840AB8372D4BD67314050B8DEF73C46484099D0BC4F6E673140055476665E464840DB49760EE466314085A3BDAC994648401DC32FCD59663140494A0049D34648403AA2D787CA6531405C396E661147484080BFEDFC40653140679FAA174E4748409AFA3801B1643140BEB2607D8B474840B38E2D2E28643140F900126FC3474840FC3B68E8C86331404CC19DBBEB474840257AD6A2CE633140B131DB9D1B484840F7495E83D6633140B25C90054B4848406E07A3D3DF6331407803C342944848400D0650FFE6633140E6D96E53C548484075B31BBFF063314047BBD7DF0A4948401B7A880EF6633140869CA7BC32494840A0D55C1DFC6331408EA50B36634948408C135D830864314068299E7DBD4948407DCE76ED12643140BB52981D0A4A4840863A79EB1E6431405DB89C28544A4840A0E874CC21643140AB75FA1F834A484097795ED12A643140FADE9AA8B04A4840AC518A172F64314021E8B574E74A4840CDC738AE366431400124936C1B4B4840F777903A3F643140801D2906584B48402028E8C64764314071A1DA2F8E4B48401171185F4F6431400647F0C3CD4B48400A295FF24D643140E95E8F831D4C4840F55033AC49643140A92EB6B65D4C4840EE087A3F48643140C8A86831A44C484019E02E5A466431406B996A69E94C4840D2E8948C426431406DC75CD82D4D484030467E3C416431406BB371AA7C4D484036B587C93E643140F2D27792BD4D48403E2491563C643140FD220799014E484044939AE339643140A5C7A843504E48408A5FA363AC6431402984E2F6604E4840
14,17.4470643565,48.5164899821,None,23106439,110000,line,0102000020E610000002000000DE41E2F723723140C5D5D082FF414840B541AAA6C1723140B2170C2D39424840
15,17.448623203,48.5176208285,None,400109156,110000,line,0102000020E610000002000000B541AAA6C1723140B2170C2D39424840C4D6174AF0723140F08B639F49424840
16,17.3982444691,48.6097408719,None,400109155,110000,line,0102000020E610000002000000EBB20B5BFE653140A630165E144E484038B8E957E86531407ACF369C034E4840
17,17.3958339905,48.611165415,None,290079424,110000,line,0102000020E6100000030000008A5FA363AC6431402984E2F6604E4840C6E2C546736531407F0702E5334E4840EBB20B5BFE653140A630165E144E4840
18,17.3907335416,48.6388501866,None,400109168,110000,line,0102000020E61000001B0000008A5FA363AC6431402984E2F6604E484044939AE3396431404950105F7A4E4840B19936163764314070D13156B74E48409DDA3D0B35643140EA488EDE024F484064B399723264314082ED21324C4F4840D012DFCD36643140318E490E944F4840A509D1AA2D643140A382B687E34F4840D5AB329C28643140376585112D504840452FDB642A6431403F365C3D7D50484003CE8DD6266431408197101CC85048405763AAF42D643140B380364B0D514840E065EFB61F6431401A5BC22D575148403FB5C8EF1D643140052E28D2AC514840CE3120271C6431404242B3F2FD5148402E81F95F1A64314064A48F7D4452484045F57295086431409256DA467F524840092D8643F0633140998E41E1D5524840F125EEA7DF63314000AA21031353484025E1A91EC9633140287A6B8E62534840FB4C8C5CB46331406A713C6FAB534840A23D5DC9A0633140F348139CEF534840A62451D88A63314003DF6B563F5448402F75296D7B6331409EC7A8F56D544840CB78C4F4B463314030BF0BE3A0544840AFFE08E9FD63314051842955E1544840A8AA196443643140ED3965D22255484041DB05BC62643140A90C14E52E554840
19,18.9795551848,49.0908194337,None,172011007,400000,line,0102000020E610000005000000D1C7081861FB324005EB5DF12F8B484030AC403BE3FA32403A3CDD96A58B484077677EFE8AFA3240541B8672E18B484084C4D0C4F2F93240BC645525DF8B484002741F7AEEF9324074F2224DCB8B4840
20,18.9622691814,48.9479413609,None,211801145,400000,line,0102000020E6100000010100007A006BA62E3633408ABAF683368E4840F7DD44CAB3353340B4EDF58D438E4840381DEF7028343340289CC2E13D8E4840F514FD796D323340CCD475F1358E48404A4D54442D30334040AE10BD2C8E484019AFD8800F2E3340AE8DAB87238E484004278DFF642D3340C109FDFF208E4840384C7C385B2C3340C1F320F01B8E48400196B943062A3340A9FD4A92148E48404D7567E2A4293340DB9AFE13138E484043F75F892A2933405E33D0B1118E4840FE04E687A7263340015F4386098E48404133130310263340506E2BAF078E484065D38BDC182533405571E0E3038E4840547276A29122334033BE2D62058E484023DD5D1D072233404C4C4513068E4840BDE3A4347A2033404C4C4513068E48407A098C3D07203340EBC87774078E4840920687FCE01E3340B66CE19B228E4840329DB37D501E3340341B56F52F8E4840652969C4471D3340722CEA01488E48405DE7239B431C3340C30A5EC8618E4840F65431C0B71A33403846892D878E48403D0E9524181A3340EC0D575D968E4840A93AADFE871933406781D4A1A48E48404D753636F81833405D6EBCA1B18E4840EFA49CA966183340223DBAD6838E4840BE26D0929D1733404EF4798D448E484051F25A6058163340DCFB7156DD8D484035D4B531B41533402AB03DACA98D484038FDC5D71E14334009AF510C2A8D4840FEB62C2F5E133340BE2F2BE6EB8C4840EEB28EB75F113340EE87DDD6038D4840F784AA94CF10334012ACCC280D8D484012CF3FAEE30F334001C8A484178D48402FF0AA48B40E3340E87921FCF78C484033745852600D334074D3C5A8D18C4840EAC9E303EC0B3340CFF2B3B8A98C4840B27098D11F0A33406B492BEC788C48404A56442F59093340E4AD66A1638C4840571A5D03C2083340DEBF81A1538C484010A25B994B0733405B01ED752B8C48408AA9D8B5E505334010E30D5C058C484057A84AA2550433406AD867F7D98B4840A4B897AC68033340A34F2986C08B48409CBE30EFA0013340DCAB44718F8B48402C33DF84A200334016944535748B48407EE5AEE66EFF3240C945C9B4528B48408104704161FE3240B7AB331A3E8B484069FB3C2237FD32401DF01600288B484076306B4F19FC32406FD8E9E4118B48402A72586AB4FB3240399029870A8B4840D1C7081861FB324005EB5DF12F8B4840B5DDB02C02FB3240A4ED660EFD8A4840AD911CB885FA3240F1477D2ACD8A4840724134C44CFA3240AF38E2306B8A4840312879585EFA3240556E7B7FB5894840C72C00EA62FA3240358E360E73894840F17584FA70FA324021AACD4AE8884840E4BBBA7180FA32401C2E2F8F45884840DB65D7B18BFA3240E8E04895CE87484000E4AEEB9CFA3240B8F366AF218748402D1F30F3A3FA324085BC9EA5DB8648408B60DFD8AEFA3240067D422F93864840814A7206BFFA3240C90DA9B718864840AAFABC24CEFA3240A771F2B1A48548400471BF33DCFA32400943823039854840C58977ACEBFA3240AD182864DB844840ACF1A777F9FA32404AD8A34E84844840BAB5C04B62FA3240A61D27EB478448402AC4D16A90F932408E30CD35F38348402EF1BC1876F832408BAAB97C85834840589B52D0C2F73240D75895553D8348400EDB658C16F732406F48F2DDF882484015E2D49289F6324067E6E6E1BE8248403DA897A6D0F5324057206642768248403136B9F715F5324062E65E5D2C824840550A7F1464F4324039E699C5E4814840B29F427E64F332406F798A647E814840FA96427182F23240D630BD6B26814840C77419A4B8F132406F9C4235D4804840F729F969F3F03240115CEB5585804840598A69AAF0EF3240A119EB511D80484017EEEC413BEF32404493C1F8D37F48405C1A405E5CEE3240C99512A17B7F48404879CE0FA9ED3240DF8C0747367F4840DE3A31DCD7EC324077FE10E5E37E484023BBD99FB3EC32402C0023D6987E4840068BE3CC79EC32400FE970F8147E4840FBD9553B4AEC324069631E69A97D484012ED16811AEC324036BCFB55367D4840A2321AE6E1EB3240106A18B2B87C4840B08B2B7FB4EB324026744295567C4840C0E14F6588EB324018B79604EA7B4840508B12495FEB324069F281838E7B484043DD7ED827EB324000EA17291C7B4840EB77BA19F8EA32409E1A1625A87A484015FFDAB8C3EA3240B8BB1AF7407A484002AAC926A7EA3240387BEDD5FA794840E25269577EEA3240227BE5579A794840948B1A7B58EA3240C7E6C4B5447948404439A22334EA324004B68770EF784840D7AD11DE07EA324035CF41B58C784840BAA1572EDFE9324025D9AF9831784840FDD66640B4E9324027C12F53D07748405C61C80A85E932408F41E29566774840F55D671F5FE93240AF63B5B506774840C10AAC541AE93240B89B6D6D75764840D0E3C3A4E9E8324022E3C3510976484071CF72FDBDE832401FC40BB8A2754840A65F10BA29E832402DD96F8174754840A65B4220A8E73240DCC1161C4C754840F0B1AD1089E732406CF4E5F104754840F1DB112E70E7324092E596F2BF744840572B2C8D4DE73240965F72A06B744840230ABD5C1AE7324011C2D488F2734840FEEAB645E6E632403522819B797348407E1D2D1DC3E63240DE25C1CE13734840AF065A2643E6324025AF5D8AB072484040B1493AC4E5324083867D944F72484002AD00DE4FE5324057192736FB714840688E58BCCCE4324093D7B7159971484089195F865BE4324050B3465C4471484018DD7467E5E33240121F9D31E7704840C092236819E33240AC4EAE314F70484050834B3E5BE33240111A6FA90B7048404F45AFAF9DE332408DCF6C7CC56F4840A000E24FFDE332406A7ECAC8636F4840D42C5A683FE43240D4D68BFB1B6F48400C0D33E9BCE432409686DFD7926E4840CC6FB09A49E432400D79AEE6226E484040B40FA6F0E332406AD143C6D06D48403338E2ABBDE332402B8431F7A26D4840B481A4F15BE33240705EFC78496D4840FD7E594B3CE33240EB26AEB02A6D48409CD9D00A2FE3324069F51579086D484009DB717300E332405BB61B648D6C48404D775401D0E2324058CD46730A6C4840646BD4EDBAE23240BE042E7BCD6B4840B3D792D498E232401247BF48746B48402982B20783E232406E61821B406B484044B6CF2B5FE23240337974CADB6A4840604EACCE4AE23240337AA6EBAB6A48409A91979F3AE23240CA12E7FD806A4840AB37EADB26E332408750C5392E6A48407C59E096A8E3324052A074AC016A4840392BB31B40E43240297F53F0CA694840E650BF20EEE432401527D6E88C694840A3947B7788E532409AFCAD705769484025479F4E41E6324071BD6A33156948401514FDEEE7E5324000239C7EC8684840BE0B238654E532409D919E934A684840001BF5CBE4E43240F81D092EEA6748403E11876879E43240E68253BB8C6748404707DF68FAE33240274481082267484001803A32BFE33240981BC3E0EE664840F831BFF001E3324058B5AE784B664840A80697B9D9E232402D2987F0DF6548400A405E22BAE23240C268ADA18A654840D4DB640797E232407DA72A632A654840EFA8AEAF78E23240C5A29DFCD764484023F280545FE23240329353E591644840281DC658C9E23240D8ABE8AD4D6448409D1834A47CE33240B010A393D8634840C7558F0ACBE33240442BE052A163484007F311593EE4324090919FFC5463484087070EE2C5E4324074EA08CFC9624840FF1FE32717E532402706E7107D624840DC95EFB13FE532400F68CE9C54624840C66A286117E53240A4F5252124624840EBEC26ECCAE43240420DBD2FC86148402A73C3F196E43240FCB45B2B8461484089195F865BE432403971E9DC3B614840001847F413E43240C6DD7779E5604840A09F2960DFE332400F405D849F604840B7757B479CE33240E4EF846248604840C594317F46E332409A70692DDD5F48408ED28603F7E23240F685D2597D5F4840DDE0A0F7A1E23240347E3925135F4840088F11B769E23240F9646FDFC65E48402DB24B8D39E232401E0686208A5E48401A635587F9E132406FB432353B5E4840F0FEA900AFE13240A20A291CDE5D4840159DEFC34FE13240B4111C1C645D484035869A8011E1324096E835D0195D4840067690EAA8E0324080062C8D975C484005DE76BA5AE032402B52D627365C484010AF72D519E0324015B29D14E15B48403A2B8A8CD6DF3240E83B47DF885B484022DC6C3CAADF3240F3B5B0C74E5B4840F910FBA75EDF32406F90E8D0F55A4840575CF9D8E1DE32404186D084655A48404BB97BBEB2DE32401D65785C325A4840CD298E244DDE32408C4AD0CBBB594840597D94921BDE3240D5F6CA0C8059484021866FA3DCDD3240971747A73759484072C6FC7B85DD324067D099A9D558484085337A3E14DD324076700552565848404BA622ECC7DC32409FFC02CBFA574840481912A488DC3240B334D6FEAB574840D9E676D08ADB32400E0738DD6C574840ABC16DBEBBDA3240FFF2FB97375748402B5E1758A5D93240A69D807DEF5648405FDEA3F4DCD83240FD9901CCBA5648405BC2A80517D832409151EBD7875648400782C02DB6D63240756187232C564840F9CE7D3C7AD532409765496CDC554840CA7D294083D4324094C32AC09A554840F8708BB888D33240585F2C815A5548409F66B0A6C1D2324024691E6E2655484025CD9A0BD0D232400BAE2E89D45448409B5565E8E9D232400BDFA2BB62544840A3DA9A21F8D2324054C4F90918544840F72117FF06D33240D7570D3AD15348400561E20820D332402A27949569534840E30053B02FD33240D2263D861B53484025D175134BD332405BC836E69D52484074A6EE4264D3324006F9E6D72B5248406850F1A67CD33240F86126D9B651484087386F3394D332403409B3584451484082D1746DADD3324076F4D52CD5504840E3F3FCD5C5D33240F868AC6B755048402D4F6390D2D33240012CD4B027504840D7C13B5DEFD3324040374AB0B54F4840FE03D16897D3324032E05F2D8C4F484052A9575EF3D232401E9F140E344F4840FC95679F57D23240449C8A97E54E48400A6BB155A5D13240F6BF64178E4E4840A28CAC4F41D13240899787B4594E4840799E1E5A95D03240F767D0F1024E484028398E534BD032404899ECF9DC4D48405EC62481C5CF32407C2D8457984D484068C792D74ECF324090BA70355C4D4840A028EB889ACE32407AE6B952004D4840C0554D60F6CD3240EBC9DCEAAB4C4840F352BF4846CD32403C676EAC524C48400D7E069B7BCC3240CF585D45EB4B48404232E07AF8CB32405EF4A8DEA74B4840DF2409FD87CA32402A0110C9EC4A4840C95B1A5E2ECA3240FD6005C1A34A4840AC66AC1CC7C93240F5D80F434E4A4840B73DC3C362C93240AF684267FA4948405EBAD0FF04C93240637020EFA84948405982816A58C83240F2C39CEB1C494840D908B30E0AC83240B30587EDDC48484016BFB4E1A6C73240D8851DFC8A484840CDF2918541C7324003B04C95394848404E79C329F3C632408D197CC6F5474840A965E3C99FC63240BAD177E0AE474840E292FBA59FC5324077639CCE7A474840343C9C7EA4C43240B5DABFA84747484048FE013EB2C3324077436708174748400E972693D8C23240624F294CEB464840690BA8FABFC13240A24325A3B14648407BE746DB8DC0324052FCF5E87446484071ADF69CADBF32403625A89746464840EB05C2D110BF3240A6F769A676464840
21,19.2564167828,49.0869235316,None,281433185,400000,line,0102000020E61000001B0000001BD39BFECE4C3340B48CB85EF487484039607C27A54C33400610284D158848406E3BA6271E4C33405771DF563F884840484530B5474B33408F965AA383884840A1DBF904064A33403792CBC0E88848401A9B8B476A493340898717E4188948402E1E284810493340959E03A43489484030269D34414833401F5EDE916B894840A98A911364473340A06DE791A489484057BE86484046334002964056F08948408735CA7FBD4533405DA900BA118A4840529DDCD875443340714D633D668A48406E36E6AB0B4433401CD03DDE818A4840B6169A3068433340013AB9C7AB8A4840571827A48E4133402341BD45F38A4840888341314C41334078F299C6348B484098EAE2422C403340AF149184838B4840E4D3DF2C433F33400531DBD3C28B48404832760EF93D3340598B65751B8C4840FBC9510CD13C3340D85319EB6B8C4840E21BBC50E83B3340161E781AAB8C48402D2EE3B9423B3340F84B056AD78C4840BC6C5D3FBE3933406A53C041408D4840449A19734E393340387BDFA35E8D4840C4EF0463AC3833401179A7CB898D4840CAD89E1B123733400ADC6DF4F88D48407A006BA62E3633408ABAF683368E4840
22,19.3003691419,49.0616166513,None,281433184,400000,line,0102000020E61000000200000075AA56FDFA4C3340AB9919BDD18748401BD39BFECE4C3340B48CB85EF4874840
23,19.2802291045,49.00727499,None,281433189,400000,line,0102000020E61000002400000075AA56FDFA4C3340AB9919BDD1874840496B075C724C3340E3B34534C487484072C0B416404C33400309276E6F87484038C98F27014C33403E769DA20A87484001AB1A18C64B334038371E68A9864840C75A32248D4B334098023DD34A864840C6BF1ED3464B334049D0D239D98548401206937FE64A33403C7D1CD63885484073B751D8AC4A334057226E1ED78448406409B1F97B4A334062EF19F28A8448405C5830D6454A3340AAA96B852E844840C12D5F0A034A33400395C74CC283484030C0370CB6493340BAD49949408348405C2E32DE78493340228C3D63DA8248407FDBA7DACA48334007C7704BC0814840AD54C5708F4833407D5517AE5C814840755DA081504833407ED35285F9804840CB4692481F48334071FDD27FA9804840F49B3F03ED4733409F7479F9548048407EBDD28CBD47334082C300350980484078D7FE3F84473340D744C172AB7F4840AE0DC6A33E47334087D814B1387F48406F59F7E609473340E99BC7B9E17E4840408F8B387C4633401F7AEEF4717E484061CCF1C1124633405DC30A0E1D7E4840568E60569D4533408336E226BF7D4840A16D0EF53B453340B581302A717D48408CCE7605D0443340F7B288671A7D4840E627783F5A443340A2891BD5BC7C48400C894EA4E74333407C7D36D55F7C48402A54CB5B7B433340A4900F40087C4840602FF55BF4423340362CC5CF9F7B4840D1B3CA54A042334059069CD75B7B484026E95BB333423340D5C083DC057B4840B0EDED678041334042201EDC767A484070DE81470A413340DB4306C9187A4840
24,19.2928580186,48.8659107421,None,242679228,400000,line,0102000020E61000004000000070DE81470A413340DB4306C9187A48409E19034F11413340680E8D1AD47948402A081D0E26413340EC3F463D117948401FA7168A2F4133402A9861FFBA784840B51D87ED364133401724DCAE747848403A0F81F1504133401AF7348C82774840608D582B62413340A2A78148D1764840C0007BF56A4133408548A3238A764840C05B1859AC4133402C5088683C7648406E58FADE164233402707CC83C175484053582AFE7F42334095079242467548401DB079C8C2423340401FF020F774484014F5A9591443334099A9142B987448405B5AF9397F4333409D7AE8E319744840D02D43ECAC4333406C116116E57348406EFA960FA9433340528DC33663734840A1F2C1E4A54333408B189092B6724840A6BD6EBBA24333408F4B14D8867248404318D90C9C433340A1E3603693714840E0B2B94B9A433340B1CAE6853C7148403BC2F54CA7433340748A0FEAEA7048402FA165B6B543334002DDD5FB93704840746F55036944334012DC5CF03F704840F77F2A3B4E453340785737E2D46F484022DA8676204633406D2EF30AB16F48408602DE21EE4633402F16E91F8E6F4840A2270C30DE483340B4FCD106396F4840553E0F46C7493340862D798E106F484039AC8E527D4B334017AD6B6FC66E484063FC9B42D74C3340A30560CF8B6E484008C09BDDD04D3340EA957DB7616E4840B42F6D1BFC4D33408AD62A5D2B6E4840E490385D414E33400E3E18C0D76D4840A1E01D5E9B4E33404034232F696D4840F45BDA10F64E33402C672A85F56C4840B99ADCC3434F33400343E8E6966C4840AE6D2383924F3340F2AB0E94346C4840BCC026FE814F33400765A668E46B4840640AAE016F4F33402C41367C9A6B484043F0BC90594F33401A6E8916236B4840BA3316B6424F3340B4087388C96A4840C6E2BC7A314F33408DB47C25776A48406F5EB7621C4F334053B57F71146A4840B4B408770A4F33405F5A5AFFBD694840BD313C57FB4E33403D787F567B6948403BC129F1604F334013C6D7FD3A6948403E42118FE04F3340D44012EFE8684840E1F6125E5D503340DD402EE2B26848409AA29BA8B6503340A9EC19667A68484037CC668E3B5133409042C7EC20684840178F0005A5513340E747F98DDD674840D7D0E2FCF751334059862AD7A76748407B1E1EBE735233403E411DB76A6748403C54D70B07533340C1421E274C674840D3808236915333403DB7F16B3467484034E5B5EAAD553340B75E373CCF66484023B18DA389563340ED46DEFBA7664840A931724E2A573340B314748DA566484093E0620B5B5933402D8B611A9D66484022C802A1B45A3340A227B2E497664840392EAD82675C3340214A41C19166484080573A335C5D3340C8B2BA0C8E6648406A88D750055E3340B59E782D32664840DE3AEC6E135E334094AFBDD50D664840
25,18.9795551848,49.0908194337,None,172011007,400000,line,0102000020E610000005000000D1C7081861FB324005EB5DF12F8B484030AC403BE3FA32403A3CDD96A58B484077677EFE8AFA3240541B8672E18B484084C4D0C4F2F93240BC645525DF8B484002741F7AEEF9324074F2224DCB8B4840
26,18.9622691814,48.9479413609,None,211801145,400000,line,0102000020E6100000010100007A006BA62E3633408ABAF683368E4840F7DD44CAB3353340B4EDF58D438E4840381DEF7028343340289CC2E13D8E4840F514FD796D323340CCD475F1358E48404A4D54442D30334040AE10BD2C8E484019AFD8800F2E3340AE8DAB87238E484004278DFF642D3340C109FDFF208E4840384C7C385B2C3340C1F320F01B8E48400196B943062A3340A9FD4A92148E48404D7567E2A4293340DB9AFE13138E484043F75F892A2933405E33D0B1118E4840FE04E687A7263340015F4386098E48404133130310263340506E2BAF078E484065D38BDC182533405571E0E3038E4840547276A29122334033BE2D62058E484023DD5D1D072233404C4C4513068E4840BDE3A4347A2033404C4C4513068E48407A098C3D07203340EBC87774078E4840920687FCE01E3340B66CE19B228E4840329DB37D501E3340341B56F52F8E4840652969C4471D3340722CEA01488E48405DE7239B431C3340C30A5EC8618E4840F65431C0B71A33403846892D878E48403D0E9524181A3340EC0D575D968E4840A93AADFE871933406781D4A1A48E48404D753636F81833405D6EBCA1B18E4840EFA49CA966183340223DBAD6838E4840BE26D0929D1733404EF4798D448E484051F25A6058163340DCFB7156DD8D484035D4B531B41533402AB03DACA98D484038FDC5D71E14334009AF510C2A8D4840FEB62C2F5E133340BE2F2BE6EB8C4840EEB28EB75F113340EE87DDD6038D4840F784AA94CF10334012ACCC280D8D484012CF3FAEE30F334001C8A484178D48402FF0AA48B40E3340E87921FCF78C484033745852600D334074D3C5A8D18C4840EAC9E303EC0B3340CFF2B3B8A98C4840B27098D11F0A33406B492BEC788C48404A56442F59093340E4AD66A1638C4840571A5D03C2083340DEBF81A1538C484010A25B994B0733405B01ED752B8C48408AA9D8B5E505334010E30D5C058C484057A84AA2550433406AD867F7D98B4840A4B897AC68033340A34F2986C08B48409CBE30EFA0013340DCAB44718F8B48402C33DF84A200334016944535748B48407EE5AEE66EFF3240C945C9B4528B48408104704161FE3240B7AB331A3E8B484069FB3C2237FD32401DF01600288B484076306B4F19FC32406FD8E9E4118B48402A72586AB4FB3240399029870A8B4840D1C7081861FB324005EB5DF12F8B4840B5DDB02C02FB3240A4ED660EFD8A4840AD911CB885FA3240F1477D2ACD8A4840724134C44CFA3240AF38E2306B8A4840312879585EFA3240556E7B7FB5894840C72C00EA62FA3240358E360E73894840F17584FA70FA324021AACD4AE8884840E4BBBA7180FA32401C2E2F8F45884840DB65D7B18BFA3240E8E04895CE87484000E4AEEB9CFA3240B8F366AF218748402D1F30F3A3FA324085BC9EA5DB8648408B60DFD8AEFA3240067D422F93864840814A7206BFFA3240C90DA9B718864840AAFABC24CEFA3240A771F2B1A48548400471BF33DCFA32400943823039854840C58977ACEBFA3240AD182864DB844840ACF1A777F9FA32404AD8A34E84844840BAB5C04B62FA3240A61D27EB478448402AC4D16A90F932408E30CD35F38348402EF1BC1876F832408BAAB97C85834840589B52D0C2F73240D75895553D8348400EDB658C16F732406F48F2DDF882484015E2D49289F6324067E6E6E1BE8248403DA897A6D0F5324057206642768248403136B9F715F5324062E65E5D2C824840550A7F1464F4324039E699C5E4814840B29F427E64F332406F798A647E814840FA96427182F23240D630BD6B26814840C77419A4B8F132406F9C4235D4804840F729F969F3F03240115CEB5585804840598A69AAF0EF3240A119EB511D80484017EEEC413BEF32404493C1F8D37F48405C1A405E5CEE3240C99512A17B7F48404879CE0FA9ED3240DF8C0747367F4840DE3A31DCD7EC324077FE10E5E37E484023BBD99FB3EC32402C0023D6987E4840068BE3CC79EC32400FE970F8147E4840FBD9553B4AEC324069631E69A97D484012ED16811AEC324036BCFB55367D4840A2321AE6E1EB3240106A18B2B87C4840B08B2B7FB4EB324026744295567C4840C0E14F6588EB324018B79604EA7B4840508B12495FEB324069F281838E7B484043DD7ED827EB324000EA17291C7B4840EB77BA19F8EA32409E1A1625A87A484015FFDAB8C3EA3240B8BB1AF7407A484002AAC926A7EA3240387BEDD5FA794840E25269577EEA3240227BE5579A794840948B1A7B58EA3240C7E6C4B5447948404439A22334EA324004B68770EF784840D7AD11DE07EA324035CF41B58C784840BAA1572EDFE9324025D9AF9831784840FDD66640B4E9324027C12F53D07748405C61C80A85E932408F41E29566774840F55D671F5FE93240AF63B5B506774840C10AAC541AE93240B89B6D6D75764840D0E3C3A4E9E8324022E3C3510976484071CF72FDBDE832401FC40BB8A2754840A65F10BA29E832402DD96F8174754840A65B4220A8E73240DCC1161C4C754840F0B1AD1089E732406CF4E5F104754840F1DB112E70E7324092E596F2BF744840572B2C8D4DE73240965F72A06B744840230ABD5C1AE7324011C2D488F2734840FEEAB645E6E632403522819B797348407E1D2D1DC3E63240DE25C1CE13734840AF065A2643E6324025AF5D8AB072484040B1493AC4E5324083867D944F72484002AD00DE4FE5324057192736FB714840688E58BCCCE4324093D7B7159971484089195F865BE4324050B3465C4471484018DD7467E5E33240121F9D31E7704840C092236819E33240AC4EAE314F70484050834B3E5BE33240111A6FA90B7048404F45AFAF9DE332408DCF6C7CC56F4840A000E24FFDE332406A7ECAC8636F4840D42C5A683FE43240D4D68BFB1B6F48400C0D33E9BCE432409686DFD7926E4840CC6FB09A49E432400D79AEE6226E484040B40FA6F0E332406AD143C6D06D48403338E2ABBDE332402B8431F7A26D4840B481A4F15BE33240705EFC78496D4840FD7E594B3CE33240EB26AEB02A6D48409CD9D00A2FE3324069F51579086D484009DB717300E332405BB61B648D6C48404D775401D0E2324058CD46730A6C4840646BD4EDBAE23240BE042E7BCD6B4840B3D792D498E232401247BF48746B48402982B20783E232406E61821B406B484044B6CF2B5FE23240337974CADB6A4840604EACCE4AE23240337AA6EBAB6A48409A91979F3AE23240CA12E7FD806A4840AB37EADB26E332408750C5392E6A48407C59E096A8E3324052A074AC016A4840392BB31B40E43240297F53F0CA694840E650BF20EEE432401527D6E88C694840A3947B7788E532409AFCAD705769484025479F4E41E6324071BD6A33156948401514FDEEE7E5324000239C7EC8684840BE0B238654E532409D919E934A684840001BF5CBE4E43240F81D092EEA6748403E11876879E43240E68253BB8C6748404707DF68FAE33240274481082267484001803A32BFE33240981BC3E0EE664840F831BFF001E3324058B5AE784B664840A80697B9D9E232402D2987F0DF6548400A405E22BAE23240C268ADA18A654840D4DB640797E232407DA72A632A654840EFA8AEAF78E23240C5A29DFCD764484023F280545FE23240329353E591644840281DC658C9E23240D8ABE8AD4D6448409D1834A47CE33240B010A393D8634840C7558F0ACBE33240442BE052A163484007F311593EE4324090919FFC5463484087070EE2C5E4324074EA08CFC9624840FF1FE32717E532402706E7107D624840DC95EFB13FE532400F68CE9C54624840C66A286117E53240A4F5252124624840EBEC26ECCAE43240420DBD2FC86148402A73C3F196E43240FCB45B2B8461484089195F865BE432403971E9DC3B614840001847F413E43240C6DD7779E5604840A09F2960DFE332400F405D849F604840B7757B479CE33240E4EF846248604840C594317F46E332409A70692DDD5F48408ED28603F7E23240F685D2597D5F4840DDE0A0F7A1E23240347E3925135F4840088F11B769E23240F9646FDFC65E48402DB24B8D39E232401E0686208A5E48401A635587F9E132406FB432353B5E4840F0FEA900AFE13240A20A291CDE5D4840159DEFC34FE13240B4111C1C645D484035869A8011E1324096E835D0195D4840067690EAA8E0324080062C8D975C484005DE76BA5AE032402B52D627365C484010AF72D519E0324015B29D14E15B48403A2B8A8CD6DF3240E83B47DF885B484022DC6C3CAADF3240F3B5B0C74E5B4840F910FBA75EDF32406F90E8D0F55A4840575CF9D8E1DE32404186D084655A48404BB97BBEB2DE32401D65785C325A4840CD298E244DDE32408C4AD0CBBB594840597D94921BDE3240D5F6CA0C8059484021866FA3DCDD3240971747A73759484072C6FC7B85DD324067D099A9D558484085337A3E14DD324076700552565848404BA622ECC7DC32409FFC02CBFA574840481912A488DC3240B334D6FEAB574840D9E676D08ADB32400E0738DD6C574840ABC16DBEBBDA3240FFF2FB97375748402B5E1758A5D93240A69D807DEF5648405FDEA3F4DCD83240FD9901CCBA5648405BC2A80517D832409151EBD7875648400782C02DB6D63240756187232C564840F9CE7D3C7AD532409765496CDC554840CA7D294083D4324094C32AC09A554840F8708BB888D33240585F2C815A5548409F66B0A6C1D2324024691E6E2655484025CD9A0BD0D232400BAE2E89D45448409B5565E8E9D232400BDFA2BB62544840A3DA9A21F8D2324054C4F90918544840F72117FF06D33240D7570D3AD15348400561E20820D332402A27949569534840E30053B02FD33240D2263D861B53484025D175134BD332405BC836E69D52484074A6EE4264D3324006F9E6D72B5248406850F1A67CD33240F86126D9B651484087386F3394D332403409B3584451484082D1746DADD3324076F4D52CD5504840E3F3FCD5C5D33240F868AC6B755048402D4F6390D2D33240012CD4B027504840D7C13B5DEFD3324040374AB0B54F4840FE03D16897D3324032E05F2D8C4F484052A9575EF3D232401E9F140E344F4840FC95679F57D23240449C8A97E54E48400A6BB155A5D13240F6BF64178E4E4840A28CAC4F41D13240899787B4594E4840799E1E5A95D03240F767D0F1024E484028398E534BD032404899ECF9DC4D48405EC62481C5CF32407C2D8457984D484068C792D74ECF324090BA70355C4D4840A028EB889ACE32407AE6B952004D4840C0554D60F6CD3240EBC9DCEAAB4C4840F352BF4846CD32403C676EAC524C48400D7E069B7BCC3240CF585D45EB4B48404232E07AF8CB32405EF4A8DEA74B4840DF2409FD87CA32402A0110C9EC4A4840C95B1A5E2ECA3240FD6005C1A34A4840AC66AC1CC7C93240F5D80F434E4A4840B73DC3C362C93240AF684267FA4948405EBAD0FF04C93240637020EFA84948405982816A58C83240F2C39CEB1C494840D908B30E0AC83240B30587EDDC48484016BFB4E1A6C73240D8851DFC8A484840CDF2918541C7324003B04C95394848404E79C329F3C632408D197CC6F5474840A965E3C99FC63240BAD177E0AE474840E292FBA59FC5324077639CCE7A474840343C9C7EA4C43240B5DABFA84747484048FE013EB2C3324077436708174748400E972693D8C23240624F294CEB464840690BA8FABFC13240A24325A3B14648407BE746DB8DC0324052FCF5E87446484071ADF69CADBF32403625A89746464840EB05C2D110BF3240A6F769A676464840
27,19.2564167828,49.0869235316,None,281433185,400000,line,0102000020E61000001B0000001BD39BFECE4C3340B48CB85EF487484039607C27A54C33400610284D158848406E3BA6271E4C33405771DF563F884840484530B5474B33408F965AA383884840A1DBF904064A33403792CBC0E88848401A9B8B476A493340898717E4188948402E1E284810493340959E03A43489484030269D34414833401F5EDE916B894840A98A911364473340A06DE791A489484057BE86484046334002964056F08948408735CA7FBD4533405DA900BA118A4840529DDCD875443340714D633D668A48406E36E6AB0B4433401CD03DDE818A4840B6169A3068433340013AB9C7AB8A4840571827A48E4133402341BD45F38A4840888341314C41334078F299C6348B484098EAE2422C403340AF149184838B4840E4D3DF2C433F33400531DBD3C28B48404832760EF93D3340598B65751B8C4840FBC9510CD13C3340D85319EB6B8C4840E21BBC50E83B3340161E781AAB8C48402D2EE3B9423B3340F84B056AD78C4840BC6C5D3FBE3933406A53C041408D4840449A19734E393340387BDFA35E8D4840C4EF0463AC3833401179A7CB898D4840CAD89E1B123733400ADC6DF4F88D48407A006BA62E3633408ABAF683368E4840
28,19.3003691419,49.0616166513,None,281433184,400000,line,0102000020E61000000200000075AA56FDFA4C3340AB9919BDD18748401BD39BFECE4C3340B48CB85EF4874840
29,19.302793408,49.0578012514,None,211512794,400000,line,0102000020E6100000040000004A7170790D4E3340F2046F6AFA86484084862993944D3340DB0F3CFA588748408FDA32F4414D3340F339AC409987484075AA56FDFA4C3340AB9919BDD1874840
30,19.4068849171,49.0519453834,None,211512791,400000,line,0102000020E610000035000000383D3F14727D3340AF290444E78A484012220797BF7D3340AA848941CC8A48406519FC66957D3340A316AD8D688A4840814D198B717D3340ED69410C118A48409D8136AF4D7D33408A4BD9A5BC8948407A35D2593A7D3340FDED69828F89484003BE2BF10B7D3340F091395B1C894840545C5DBCE77C3340D753B84BC58848403EF11210C17C3340B1F9C44F6A8848401F30E5A3A57C334090ACBCF62D884840E90F9635237C334097A2CADDE2874840B822A6B883793340E9987081D587484072398FF5937833400185AEC8D0874840AA44527BC3773340808DD71C988748406E160B2782763340A510EC5F418748404AEA6D121F753340EE79D012E1864840E5737626597433400AA7F280AB864840698711CA6A733340BEF755FD6A86484065C6B33EE6723340F029A99546864840C69739D85C713340F6F55E71718648401EAEEF0225703340582EA90094864840D243F1A1B56E334072B72618BC864840392F98CBAA6D3340AB6FCD3CD9864840327C3D492D6D33405FA391FEC8864840D3330584D66B334096AE3A1B9D8648409B010A72066A3340FA53339F608648404DF65C3267693340AE32493B4C8648407951A57A1E683340B3F5BBB721864840F07074EB37663340D5CD531EE285484084D538ABF16433407BFED7E6D88548403E510E97BB633340C24A96B8D0854840E6C759FEA1623340E9D5B69EC785484066A981BDB561334022A6AD79C08548404B782A050660334016CC26EAB3854840BA2B9EC0F25E334003E4329FAB854840D2B4D54E825D33400F7AA554A08548403E42FFCF305C3340B86934EC78854840FDE31EF6385B334087FE1F275D8548407CB46E8A88593340D65F151B2A854840174E7B50FD583340D89075A11985484047301F7A315733400A6D1EEEE384484068D271B281563340F3042669B9844840530AB043D2553340C99EAF4F8E844840DF0E42F81E553340C95CC72BBF8448401184ABD054543340D17AEA7BF684484014FE098F885333406D275B062E854840C0FF8BDF665233409A51EFD67C854840E395B56DF7513340A73709FE998548402ADD2F0055513340F9E5518AC88548403786215E81503340894761260286484050921AE9D74F3340BC56A276308648407E04AF9F504E33406B2090CC9A8648404A7170790D4E3340F2046F6AFA864840
31,18.9795551848,49.0908194337,None,172011007,400000,line,0102000020E610000005000000D1C7081861FB324005EB5DF12F8B484030AC403BE3FA32403A3CDD96A58B484077677EFE8AFA3240541B8672E18B484084C4D0C4F2F93240BC645525DF8B484002741F7AEEF9324074F2224DCB8B4840
32,18.9622691814,48.9479413609,None,211801145,400000,line,0102000020E6100000010100007A006BA62E3633408ABAF683368E4840F7DD44CAB3353340B4EDF58D438E4840381DEF7028343340289CC2E13D8E4840F514FD796D323340CCD475F1358E48404A4D54442D30334040AE10BD2C8E484019AFD8800F2E3340AE8DAB87238E484004278DFF642D3340C109FDFF208E4840384C7C385B2C3340C1F320F01B8E48400196B943062A3340A9FD4A92148E48404D7567E2A4293340DB9AFE13138E484043F75F892A2933405E33D0B1118E4840FE04E687A7263340015F4386098E48404133130310263340506E2BAF078E484065D38BDC182533405571E0E3038E4840547276A29122334033BE2D62058E484023DD5D1D072233404C4C4513068E4840BDE3A4347A2033404C4C4513068E48407A098C3D07203340EBC87774078E4840920687FCE01E3340B66CE19B228E4840329DB37D501E3340341B56F52F8E4840652969C4471D3340722CEA01488E48405DE7239B431C3340C30A5EC8618E4840F65431C0B71A33403846892D878E48403D0E9524181A3340EC0D575D968E4840A93AADFE871933406781D4A1A48E48404D753636F81833405D6EBCA1B18E4840EFA49CA966183340223DBAD6838E4840BE26D0929D1733404EF4798D448E484051F25A6058163340DCFB7156DD8D484035D4B531B41533402AB03DACA98D484038FDC5D71E14334009AF510C2A8D4840FEB62C2F5E133340BE2F2BE6EB8C4840EEB28EB75F113340EE87DDD6038D4840F784AA94CF10334012ACCC280D8D484012CF3FAEE30F334001C8A484178D48402FF0AA48B40E3340E87921FCF78C484033745852600D334074D3C5A8D18C4840EAC9E303EC0B3340CFF2B3B8A98C4840B27098D11F0A33406B492BEC788C48404A56442F59093340E4AD66A1638C4840571A5D03C2083340DEBF81A1538C484010A25B994B0733405B01ED752B8C48408AA9D8B5E505334010E30D5C058C484057A84AA2550433406AD867F7D98B4840A4B897AC68033340A34F2986C08B48409CBE30EFA0013340DCAB44718F8B48402C33DF84A200334016944535748B48407EE5AEE66EFF3240C945C9B4528B48408104704161FE3240B7AB331A3E8B484069FB3C2237FD32401DF01600288B484076306B4F19FC32406FD8E9E4118B48402A72586AB4FB3240399029870A8B4840D1C7081861FB324005EB5DF12F8B4840B5DDB02C02FB3240A4ED660EFD8A4840AD911CB885FA3240F1477D2ACD8A4840724134C44CFA3240AF38E2306B8A4840312879585EFA3240556E7B7FB5894840C72C00EA62FA3240358E360E73894840F17584FA70FA324021AACD4AE8884840E4BBBA7180FA32401C2E2F8F45884840DB65D7B18BFA3240E8E04895CE87484000E4AEEB9CFA3240B8F366AF218748402D1F30F3A3FA324085BC9EA5DB8648408B60DFD8AEFA3240067D422F93864840814A7206BFFA3240C90DA9B718864840AAFABC24CEFA3240A771F2B1A48548400471BF33DCFA32400943823039854840C58977ACEBFA3240AD182864DB844840ACF1A777F9FA32404AD8A34E84844840BAB5C04B62FA3240A61D27EB478448402AC4D16A90F932408E30CD35F38348402EF1BC1876F832408BAAB97C85834840589B52D0C2F73240D75895553D8348400EDB658C16F732406F48F2DDF882484015E2D49289F6324067E6E6E1BE8248403DA897A6D0F5324057206642768248403136B9F715F5324062E65E5D2C824840550A7F1464F4324039E699C5E4814840B29F427E64F332406F798A647E814840FA96427182F23240D630BD6B26814840C77419A4B8F132406F9C4235D4804840F729F969F3F03240115CEB5585804840598A69AAF0EF3240A119EB511D80484017EEEC413BEF32404493C1F8D37F48405C1A405E5CEE3240C99512A17B7F48404879CE0FA9ED3240DF8C0747367F4840DE3A31DCD7EC324077FE10E5E37E484023BBD99FB3EC32402C0023D6987E4840068BE3CC79EC32400FE970F8147E4840FBD9553B4AEC324069631E69A97D484012ED16811AEC324036BCFB55367D4840A2321AE6E1EB3240106A18B2B87C4840B08B2B7FB4EB324026744295567C4840C0E14F6588EB324018B79604EA7B4840508B12495FEB324069F281838E7B484043DD7ED827EB324000EA17291C7B4840EB77BA19F8EA32409E1A1625A87A484015FFDAB8C3EA3240B8BB1AF7407A484002AAC926A7EA3240387BEDD5FA794840E25269577EEA3240227BE5579A794840948B1A7B58EA3240C7E6C4B5447948404439A22334EA324004B68770EF784840D7AD11DE07EA324035CF41B58C784840BAA1572EDFE9324025D9AF9831784840FDD66640B4E9324027C12F53D07748405C61C80A85E932408F41E29566774840F55D671F5FE93240AF63B5B506774840C10AAC541AE93240B89B6D6D75764840D0E3C3A4E9E8324022E3C3510976484071CF72FDBDE832401FC40BB8A2754840A65F10BA29E832402DD96F8174754840A65B4220A8E73240DCC1161C4C754840F0B1AD1089E732406CF4E5F104754840F1DB112E70E7324092E596F2BF744840572B2C8D4DE73240965F72A06B744840230ABD5C1AE7324011C2D488F2734840FEEAB645E6E632403522819B797348407E1D2D1DC3E63240DE25C1CE13734840AF065A2643E6324025AF5D8AB072484040B1493AC4E5324083867D944F72484002AD00DE4FE5324057192736FB714840688E58BCCCE4324093D7B7159971484089195F865BE4324050B3465C4471484018DD7467E5E33240121F9D31E7704840C092236819E33240AC4EAE314F70484050834B3E5BE33240111A6FA90B7048404F45AFAF9DE332408DCF6C7CC56F4840A000E24FFDE332406A7ECAC8636F4840D42C5A683FE43240D4D68BFB1B6F48400C0D33E9BCE432409686DFD7926E4840CC6FB09A49E432400D79AEE6226E484040B40FA6F0E332406AD143C6D06D48403338E2ABBDE332402B8431F7A26D4840B481A4F15BE33240705EFC78496D4840FD7E594B3CE33240EB26AEB02A6D48409CD9D00A2FE3324069F51579086D484009DB717300E332405BB61B648D6C48404D775401D0E2324058CD46730A6C4840646BD4EDBAE23240BE042E7BCD6B4840B3D792D498E232401247BF48746B48402982B20783E232406E61821B406B484044B6CF2B5FE23240337974CADB6A4840604EACCE4AE23240337AA6EBAB6A48409A91979F3AE23240CA12E7FD806A4840AB37EADB26E332408750C5392E6A48407C59E096A8E3324052A074AC016A4840392BB31B40E43240297F53F0CA694840E650BF20EEE432401527D6E88C694840A3947B7788E532409AFCAD705769484025479F4E41E6324071BD6A33156948401514FDEEE7E5324000239C7EC8684840BE0B238654E532409D919E934A684840001BF5CBE4E43240F81D092EEA6748403E11876879E43240E68253BB8C6748404707DF68FAE33240274481082267484001803A32BFE33240981BC3E0EE664840F831BFF001E3324058B5AE784B664840A80697B9D9E232402D2987F0DF6548400A405E22BAE23240C268ADA18A654840D4DB640797E232407DA72A632A654840EFA8AEAF78E23240C5A29DFCD764484023F280545FE23240329353E591644840281DC658C9E23240D8ABE8AD4D6448409D1834A47CE33240B010A393D8634840C7558F0ACBE33240442BE052A163484007F311593EE4324090919FFC5463484087070EE2C5E4324074EA08CFC9624840FF1FE32717E532402706E7107D624840DC95EFB13FE532400F68CE9C54624840C66A286117E53240A4F5252124624840EBEC26ECCAE43240420DBD2FC86148402A73C3F196E43240FCB45B2B8461484089195F865BE432403971E9DC3B614840001847F413E43240C6DD7779E5604840A09F2960DFE332400F405D849F604840B7757B479CE33240E4EF846248604840C594317F46E332409A70692DDD5F48408ED28603F7E23240F685D2597D5F4840DDE0A0F7A1E23240347E3925135F4840088F11B769E23240F9646FDFC65E48402DB24B8D39E232401E0686208A5E48401A635587F9E132406FB432353B5E4840F0FEA900AFE13240A20A291CDE5D4840159DEFC34FE13240B4111C1C645D484035869A8011E1324096E835D0195D4840067690EAA8E0324080062C8D975C484005DE76BA5AE032402B52D627365C484010AF72D519E0324015B29D14E15B48403A2B8A8CD6DF3240E83B47DF885B484022DC6C3CAADF3240F3B5B0C74E5B4840F910FBA75EDF32406F90E8D0F55A4840575CF9D8E1DE32404186D084655A48404BB97BBEB2DE32401D65785C325A4840CD298E244DDE32408C4AD0CBBB594840597D94921BDE3240D5F6CA0C8059484021866FA3DCDD3240971747A73759484072C6FC7B85DD324067D099A9D558484085337A3E14DD324076700552565848404BA622ECC7DC32409FFC02CBFA574840481912A488DC3240B334D6FEAB574840D9E676D08ADB32400E0738DD6C574840ABC16DBEBBDA3240FFF2FB97375748402B5E1758A5D93240A69D807DEF5648405FDEA3F4DCD83240FD9901CCBA5648405BC2A80517D832409151EBD7875648400782C02DB6D63240756187232C564840F9CE7D3C7AD532409765496CDC554840CA7D294083D4324094C32AC09A554840F8708BB888D33240585F2C815A5548409F66B0A6C1D2324024691E6E2655484025CD9A0BD0D232400BAE2E89D45448409B5565E8E9D232400BDFA2BB62544840A3DA9A21F8D2324054C4F90918544840F72117FF06D33240D7570D3AD15348400561E20820D332402A27949569534840E30053B02FD33240D2263D861B53484025D175134BD332405BC836E69D52484074A6EE4264D3324006F9E6D72B5248406850F1A67CD33240F86126D9B651484087386F3394D332403409B3584451484082D1746DADD3324076F4D52CD5504840E3F3FCD5C5D33240F868AC6B755048402D4F6390D2D33240012CD4B027504840D7C13B5DEFD3324040374AB0B54F4840FE03D16897D3324032E05F2D8C4F484052A9575EF3D232401E9F140E344F4840FC95679F57D23240449C8A97E54E48400A6BB155A5D13240F6BF64178E4E4840A28CAC4F41D13240899787B4594E4840799E1E5A95D03240F767D0F1024E484028398E534BD032404899ECF9DC4D48405EC62481C5CF32407C2D8457984D484068C792D74ECF324090BA70355C4D4840A028EB889ACE32407AE6B952004D4840C0554D60F6CD3240EBC9DCEAAB4C4840F352BF4846CD32403C676EAC524C48400D7E069B7BCC3240CF585D45EB4B48404232E07AF8CB32405EF4A8DEA74B4840DF2409FD87CA32402A0110C9EC4A4840C95B1A5E2ECA3240FD6005C1A34A4840AC66AC1CC7C93240F5D80F434E4A4840B73DC3C362C93240AF684267FA4948405EBAD0FF04C93240637020EFA84948405982816A58C83240F2C39CEB1C494840D908B30E0AC83240B30587EDDC48484016BFB4E1A6C73240D8851DFC8A484840CDF2918541C7324003B04C95394848404E79C329F3C632408D197CC6F5474840A965E3C99FC63240BAD177E0AE474840E292FBA59FC5324077639CCE7A474840343C9C7EA4C43240B5DABFA84747484048FE013EB2C3324077436708174748400E972693D8C23240624F294CEB464840690BA8FABFC13240A24325A3B14648407BE746DB8DC0324052FCF5E87446484071ADF69CADBF32403625A89746464840EB05C2D110BF3240A6F769A676464840
33,19.0895032809,49.1042255661,None,211512792,400000,line,0102000020E61000002F00000022C49DB2AAF93240DBBA986E178C4840041622D09AFA3240441AD335F48B4840A888D352CBFA32406B0F20CBD18B48402A23E4B032FB324038612033878B4840D978893B97FB324048F6A117418B48407E2BB1ABCCFB3240E13EF9231C8B4840B8D6360347FC3240AD2170C6248B4840C63CEC0742FD3240B7EACD93388B48408376591364FE324040C4F9CA4E8B4840E455F16B72FF3240A4093698628B48403407D5C0590033404781E6927B8B4840EE11D6766F013340C497B1F6998B4840F4BD8F854503334013982509CC8B48408ED2E85B5004334007DB5332EA8B48401BD2DA45290533407ADD6FF3FF8B48409427E00E6006334029CE4FD4228C4840788862F8CC073340AFF48D80498C4840FFBE816AF008334031AA7009698C48402AA8C84C490A33409D99DA6A8A8C48400DBBAAF5BD0B334022EE2FB1B58C48408A9DC006340D3340A6C9DD48DD8C48405208C25A820E3340193DF0CC028D48406B2A1B47B50F3340142A1891228D4840E18026F6A9103340248D02874E8D4840CA832B37D0113340A1D28A50828D484089D8BFB82E133340D7183AE1BF8D4840A4EC159C5A143340692ED7CFF48D4840495578D312153340A3D99311168E48403C7BE70972163340772C046F548E4840725D9AE93617334004C252F4768E4840C21F5669E2183340B725F13CC38E48401A81CED41A1C3340651D5D3A758E48401586972EF81E33401CD5A2BA2F8E484044DFED830C2033402BB315EB148E4840E5BA3F7385203340D89C65AF148E4840E53FDBCE93213340526730E2138E48401CD8C875DB223340098FFE39148E4840DAD34DA91825334050BC77CC128E48404F053E9610283340BB010A3F1B8E4840038A9099462A33402C2AF84C238E4840318FD26A652C3340256430202B8E48405CFA06D1FB2D334078D84F42328E48405E1F65FE543033406A46300A3C8E48405913562D6E323340B2300FAC448E48401C8E34E90A34334017B0111D4B8E48402F69A8E1C5353340F95A3DF0528E48407A006BA62E3633408ABAF683368E4840
34,18.9079681259,49.1492861417,None,211512797,400000,line,0102000020E61000003500000022C49DB2AAF93240DBBA986E178C484022EBEDD2A6F93240606E7864668C48405A87755EA4F93240BF1CC7CABB8C48405DE038639EF93240DFC05669148D4840C35ACA331AF9324043589DD9748D4840844B5E13A4F83240ED5EAE8BC98D4840B5348B1C24F8324086CC0871278E4840197DA908A2F732409CB8F9E8858E484009231DAE66F63240FAC1BAFA878E48408944BB5A7FF53240EFE4F90C8A8E484002F74F7A9AF432401303D4A98B8E484094F6278B9AF33240E83D47AE858E48401611F10E40F23240B6C4A66D8B8E48405D342F7E8CF132405D76EFA2CC8E4840A25A670ED1F03240078AA8880C8F4840931AD5F927F03240B6539088468F48409FEF04D482EF32400B611934808F4840DACB824E92EE324038317CD0968F484031BAC896ADED324068174575AB8F4840FD49FF88EBEC32408EFED71BD58F48400DB69B64F7EB3240E15F865109904840E18BA4F6F5EA32409863B51040904840DDB233F21FEA324074609A196E904840B437AF9027E93240B2DB92DFA19048409097E82560E8324009A67810CD904840D818243F00E7324051E0A3D618914840AAC58FBEA7E6324068EB18C144914840ED3340950EE63240BA8881C090914840808D95479FE53240C7FC3211C89148405987C023D6E2324079DD8EA145924840F73A3AC3F0E1324063698C51F292484016AB191743E13240B798AAB3769348408FF1863917E13240521A6C1196934840D6B9CE8D01E132404108738FA593484084DB721E48E03240A8E70565359448407CCD7A3889DF324014E5538EC29448405EB1AF682CDF3240818AA92D07954840A0E7DE3CB2DE3240558F6D6F5A95484041AF92953AE03240DCC8F5189F964840BCDA9966A4E0324036AC9E6AF99648403C03C1F208E132400F4C482E4D974840F3EEBF2A67E132405D3298299A97484079E0B92E81E13240110B2D15FD974840DD1E89CF86E1324078AB0CA89C98484021D692D392E132403DC43172EC98484064B7E61893E1324021F8F2E730994840035DEA1B93E1324052D60055A999484035FC51EC95E1324054BDB83CF89948409AD35A7F9AE13240D54BE6E2649A484091A4C7DFA1E1324024023A44D79A4840DA9BC7D2BFE032402D370512089B48409EFC6A2505E03240921DC2572F9B48405452F6D690DE3240892331757E9B4840
35,18.8667778561,49.2147541504,None,211549216,400000,line,0102000020E6100000030000005452F6D690DE3240892331757E9B4840491EB4B693DD324054BB797A829B4840A387B9A258DD3240CDC9A2E7669B4840
36,18.9751780796,49.0933284519,None,211512795,400000,line,0102000020E61000000300000090FFA6EA9DF9324086DEF1FACC8B4840BF1E0804A4F932400DFCA23EE58B484022C49DB2AAF93240DBBA986E178C4840
37,19.0895032809,49.1042255661,None,211512792,400000,line,0102000020E61000002F00000022C49DB2AAF93240DBBA986E178C4840041622D09AFA3240441AD335F48B4840A888D352CBFA32406B0F20CBD18B48402A23E4B032FB324038612033878B4840D978893B97FB324048F6A117418B48407E2BB1ABCCFB3240E13EF9231C8B4840B8D6360347FC3240AD2170C6248B4840C63CEC0742FD3240B7EACD93388B48408376591364FE324040C4F9CA4E8B4840E455F16B72FF3240A4093698628B48403407D5C0590033404781E6927B8B4840EE11D6766F013340C497B1F6998B4840F4BD8F854503334013982509CC8B48408ED2E85B5004334007DB5332EA8B48401BD2DA45290533407ADD6FF3FF8B48409427E00E6006334029CE4FD4228C4840788862F8CC073340AFF48D80498C4840FFBE816AF008334031AA7009698C48402AA8C84C490A33409D99DA6A8A8C48400DBBAAF5BD0B334022EE2FB1B58C48408A9DC006340D3340A6C9DD48DD8C48405208C25A820E3340193DF0CC028D48406B2A1B47B50F3340142A1891228D4840E18026F6A9103340248D02874E8D4840CA832B37D0113340A1D28A50828D484089D8BFB82E133340D7183AE1BF8D4840A4EC159C5A143340692ED7CFF48D4840495578D312153340A3D99311168E48403C7BE70972163340772C046F548E4840725D9AE93617334004C252F4768E4840C21F5669E2183340B725F13CC38E48401A81CED41A1C3340651D5D3A758E48401586972EF81E33401CD5A2BA2F8E484044DFED830C2033402BB315EB148E4840E5BA3F7385203340D89C65AF148E4840E53FDBCE93213340526730E2138E48401CD8C875DB223340098FFE39148E4840DAD34DA91825334050BC77CC128E48404F053E9610283340BB010A3F1B8E4840038A9099462A33402C2AF84C238E4840318FD26A652C3340256430202B8E48405CFA06D1FB2D334078D84F42328E48405E1F65FE543033406A46300A3C8E48405913562D6E323340B2300FAC448E48401C8E34E90A34334017B0111D4B8E48402F69A8E1C5353340F95A3DF0528E48407A006BA62E3633408ABAF683368E4840
38,18.9622691814,48.9479413609,None,211801145,400000,line,0102000020E6100000010100007A006BA62E3633408ABAF683368E4840F7DD44CAB3353340B4EDF58D438E4840381DEF7028343340289CC2E13D8E4840F514FD796D323340CCD475F1358E48404A4D54442D30334040AE10BD2C8E484019AFD8800F2E3340AE8DAB87238E484004278DFF642D3340C109FDFF208E4840384C7C385B2C3340C1F320F01B8E48400196B943062A3340A9FD4A92148E48404D7567E2A4293340DB9AFE13138E484043F75F892A2933405E33D0B1118E4840FE04E687A7263340015F4386098E48404133130310263340506E2BAF078E484065D38BDC182533405571E0E3038E4840547276A29122334033BE2D62058E484023DD5D1D072233404C4C4513068E4840BDE3A4347A2033404C4C4513068E48407A098C3D07203340EBC87774078E4840920687FCE01E3340B66CE19B228E4840329DB37D501E3340341B56F52F8E4840652969C4471D3340722CEA01488E48405DE7239B431C3340C30A5EC8618E4840F65431C0B71A33403846892D878E48403D0E9524181A3340EC0D575D968E4840A93AADFE871933406781D4A1A48E48404D753636F81833405D6EBCA1B18E4840EFA49CA966183340223DBAD6838E4840BE26D0929D1733404EF4798D448E484051F25A6058163340DCFB7156DD8D484035D4B531B41533402AB03DACA98D484038FDC5D71E14334009AF510C2A8D4840FEB62C2F5E133340BE2F2BE6EB8C4840EEB28EB75F113340EE87DDD6038D4840F784AA94CF10334012ACCC280D8D484012CF3FAEE30F334001C8A484178D48402FF0AA48B40E3340E87921FCF78C484033745852600D334074D3C5A8D18C4840EAC9E303EC0B3340CFF2B3B8A98C4840B27098D11F0A33406B492BEC788C48404A56442F59093340E4AD66A1638C4840571A5D03C2083340DEBF81A1538C484010A25B994B0733405B01ED752B8C48408AA9D8B5E505334010E30D5C058C484057A84AA2550433406AD867F7D98B4840A4B897AC68033340A34F2986C08B48409CBE30EFA0013340DCAB44718F8B48402C33DF84A200334016944535748B48407EE5AEE66EFF3240C945C9B4528B48408104704161FE3240B7AB331A3E8B484069FB3C2237FD32401DF01600288B484076306B4F19FC32406FD8E9E4118B48402A72586AB4FB3240399029870A8B4840D1C7081861FB324005EB5DF12F8B4840B5DDB02C02FB3240A4ED660EFD8A4840AD911CB885FA3240F1477D2ACD8A4840724134C44CFA3240AF38E2306B8A4840312879585EFA3240556E7B7FB5894840C72C00EA62FA3240358E360E73894840F17584FA70FA324021AACD4AE8884840E4BBBA7180FA32401C2E2F8F45884840DB65D7B18BFA3240E8E04895CE87484000E4AEEB9CFA3240B8F366AF218748402D1F30F3A3FA324085BC9EA5DB8648408B60DFD8AEFA3240067D422F93864840814A7206BFFA3240C90DA9B718864840AAFABC24CEFA3240A771F2B1A48548400471BF33DCFA32400943823039854840C58977ACEBFA3240AD182864DB844840ACF1A777F9FA32404AD8A34E84844840BAB5C04B62FA3240A61D27EB478448402AC4D16A90F932408E30CD35F38348402EF1BC1876F832408BAAB97C85834840589B52D0C2F73240D75895553D8348400EDB658C16F732406F48F2DDF882484015E2D49289F6324067E6E6E1BE8248403DA897A6D0F5324057206642768248403136B9F715F5324062E65E5D2C824840550A7F1464F4324039E699C5E4814840B29F427E64F332406F798A647E814840FA96427182F23240D630BD6B26814840C77419A4B8F132406F9C4235D4804840F729F969F3F03240115CEB5585804840598A69AAF0EF3240A119EB511D80484017EEEC413BEF32404493C1F8D37F48405C1A405E5CEE3240C99512A17B7F48404879CE0FA9ED3240DF8C0747367F4840DE3A31DCD7EC324077FE10E5E37E484023BBD99FB3EC32402C0023D6987E4840068BE3CC79EC32400FE970F8147E4840FBD9553B4AEC324069631E69A97D484012ED16811AEC324036BCFB55367D4840A2321AE6E1EB3240106A18B2B87C4840B08B2B7FB4EB324026744295567C4840C0E14F6588EB324018B79604EA7B4840508B12495FEB324069F281838E7B484043DD7ED827EB324000EA17291C7B4840EB77BA19F8EA32409E1A1625A87A484015FFDAB8C3EA3240B8BB1AF7407A484002AAC926A7EA3240387BEDD5FA794840E25269577EEA3240227BE5579A794840948B1A7B58EA3240C7E6C4B5447948404439A22334EA324004B68770EF784840D7AD11DE07EA324035CF41B58C784840BAA1572EDFE9324025D9AF9831784840FDD66640B4E9324027C12F53D07748405C61C80A85E932408F41E29566774840F55D671F5FE93240AF63B5B506774840C10AAC541AE93240B89B6D6D75764840D0E3C3A4E9E8324022E3C3510976484071CF72FDBDE832401FC40BB8A2754840A65F10BA29E832402DD96F8174754840A65B4220A8E73240DCC1161C4C754840F0B1AD1089E732406CF4E5F104754840F1DB112E70E7324092E596F2BF744840572B2C8D4DE73240965F72A06B744840230ABD5C1AE7324011C2D488F2734840FEEAB645E6E632403522819B797348407E1D2D1DC3E63240DE25C1CE13734840AF065A2643E6324025AF5D8AB072484040B1493AC4E5324083867D944F72484002AD00DE4FE5324057192736FB714840688E58BCCCE4324093D7B7159971484089195F865BE4324050B3465C4471484018DD7467E5E33240121F9D31E7704840C092236819E33240AC4EAE314F70484050834B3E5BE33240111A6FA90B7048404F45AFAF9DE332408DCF6C7CC56F4840A000E24FFDE332406A7ECAC8636F4840D42C5A683FE43240D4D68BFB1B6F48400C0D33E9BCE432409686DFD7926E4840CC6FB09A49E432400D79AEE6226E484040B40FA6F0E332406AD143C6D06D48403338E2ABBDE332402B8431F7A26D4840B481A4F15BE33240705EFC78496D4840FD7E594B3CE33240EB26AEB02A6D48409CD9D00A2FE3324069F51579086D484009DB717300E332405BB61B648D6C48404D775401D0E2324058CD46730A6C4840646BD4EDBAE23240BE042E7BCD6B4840B3D792D498E232401247BF48746B48402982B20783E232406E61821B406B484044B6CF2B5FE23240337974CADB6A4840604EACCE4AE23240337AA6EBAB6A48409A91979F3AE23240CA12E7FD806A4840AB37EADB26E332408750C5392E6A48407C59E096A8E3324052A074AC016A4840392BB31B40E43240297F53F0CA694840E650BF20EEE432401527D6E88C694840A3947B7788E532409AFCAD705769484025479F4E41E6324071BD6A33156948401514FDEEE7E5324000239C7EC8684840BE0B238654E532409D919E934A684840001BF5CBE4E43240F81D092EEA6748403E11876879E43240E68253BB8C6748404707DF68FAE33240274481082267484001803A32BFE33240981BC3E0EE664840F831BFF001E3324058B5AE784B664840A80697B9D9E232402D2987F0DF6548400A405E22BAE23240C268ADA18A654840D4DB640797E232407DA72A632A654840EFA8AEAF78E23240C5A29DFCD764484023F280545FE23240329353E591644840281DC658C9E23240D8ABE8AD4D6448409D1834A47CE33240B010A393D8634840C7558F0ACBE33240442BE052A163484007F311593EE4324090919FFC5463484087070EE2C5E4324074EA08CFC9624840FF1FE32717E532402706E7107D624840DC95EFB13FE532400F68CE9C54624840C66A286117E53240A4F5252124624840EBEC26ECCAE43240420DBD2FC86148402A73C3F196E43240FCB45B2B8461484089195F865BE432403971E9DC3B614840001847F413E43240C6DD7779E5604840A09F2960DFE332400F405D849F604840B7757B479CE33240E4EF846248604840C594317F46E332409A70692DDD5F48408ED28603F7E23240F685D2597D5F4840DDE0A0F7A1E23240347E3925135F4840088F11B769E23240F9646FDFC65E48402DB24B8D39E232401E0686208A5E48401A635587F9E132406FB432353B5E4840F0FEA900AFE13240A20A291CDE5D4840159DEFC34FE13240B4111C1C645D484035869A8011E1324096E835D0195D4840067690EAA8E0324080062C8D975C484005DE76BA5AE032402B52D627365C484010AF72D519E0324015B29D14E15B48403A2B8A8CD6DF3240E83B47DF885B484022DC6C3CAADF3240F3B5B0C74E5B4840F910FBA75EDF32406F90E8D0F55A4840575CF9D8E1DE32404186D084655A48404BB97BBEB2DE32401D65785C325A4840CD298E244DDE32408C4AD0CBBB594840597D94921BDE3240D5F6CA0C8059484021866FA3DCDD3240971747A73759484072C6FC7B85DD324067D099A9D558484085337A3E14DD324076700552565848404BA622ECC7DC32409FFC02CBFA574840481912A488DC3240B334D6FEAB574840D9E676D08ADB32400E0738DD6C574840ABC16DBEBBDA3240FFF2FB97375748402B5E1758A5D93240A69D807DEF5648405FDEA3F4DCD83240FD9901CCBA5648405BC2A80517D832409151EBD7875648400782C02DB6D63240756187232C564840F9CE7D3C7AD532409765496CDC554840CA7D294083D4324094C32AC09A554840F8708BB888D33240585F2C815A5548409F66B0A6C1D2324024691E6E2655484025CD9A0BD0D232400BAE2E89D45448409B5565E8E9D232400BDFA2BB62544840A3DA9A21F8D2324054C4F90918544840F72117FF06D33240D7570D3AD15348400561E20820D332402A27949569534840E30053B02FD33240D2263D861B53484025D175134BD332405BC836E69D52484074A6EE4264D3324006F9E6D72B5248406850F1A67CD33240F86126D9B651484087386F3394D332403409B3584451484082D1746DADD3324076F4D52CD5504840E3F3FCD5C5D33240F868AC6B755048402D4F6390D2D33240012CD4B027504840D7C13B5DEFD3324040374AB0B54F4840FE03D16897D3324032E05F2D8C4F484052A9575EF3D232401E9F140E344F4840FC95679F57D23240449C8A97E54E48400A6BB155A5D13240F6BF64178E4E4840A28CAC4F41D13240899787B4594E4840799E1E5A95D03240F767D0F1024E484028398E534BD032404899ECF9DC4D48405EC62481C5CF32407C2D8457984D484068C792D74ECF324090BA70355C4D4840A028EB889ACE32407AE6B952004D4840C0554D60F6CD3240EBC9DCEAAB4C4840F352BF4846CD32403C676EAC524C48400D7E069B7BCC3240CF585D45EB4B48404232E07AF8CB32405EF4A8DEA74B4840DF2409FD87CA32402A0110C9EC4A4840C95B1A5E2ECA3240FD6005C1A34A4840AC66AC1CC7C93240F5D80F434E4A4840B73DC3C362C93240AF684267FA4948405EBAD0FF04C93240637020EFA84948405982816A58C83240F2C39CEB1C494840D908B30E0AC83240B30587EDDC48484016BFB4E1A6C73240D8851DFC8A484840CDF2918541C7324003B04C95394848404E79C329F3C632408D197CC6F5474840A965E3C99FC63240BAD177E0AE474840E292FBA59FC5324077639CCE7A474840343C9C7EA4C43240B5DABFA84747484048FE013EB2C3324077436708174748400E972693D8C23240624F294CEB464840690BA8FABFC13240A24325A3B14648407BE746DB8DC0324052FCF5E87446484071ADF69CADBF32403625A89746464840EB05C2D110BF3240A6F769A676464840
39,18.707645295,48.3926585699,None,190399471,400000,line,0102000020E61000007A0000002CE8DEA6CA9A32405402D7F4FA1D48407E85F0AFF59A3240A5F0B05F001E484073C51809229B324080AB256C071E48400ED39CB6B99B32405300490E541E48401F359EFD259C32402A8247B3131F4840F63C6805E19C32401A85156FEB1E48400B6A16234A9D3240048CD484211F48400E861112109E3240E04A666E841F4840DDF7816CD19E32405ED3A8A2E81F4840187CB7A34F9F32406F7F5CBD23204840BEE419DB07A032401C77BA7C83204840755F03BAECA0324065E342E2EB20484085C3DE5FA0A13240FB78F002422148408961C7D2A3A232402D177B66C02148408BE488CF6AA33240B9F4A04C1F224840CFD9C83C1AA432402FFCF431732248404023B07ED9A432406F1E7260D1224840EF7A2F6885A532402A04EE47232348405DB9F3E542A63240687ED44B54234840C555350C47A7324001356CD99823484056B90DBF1BA83240A4B0E6B7CF234840DDEF2C313FA9324073B958761A244840F344FFE72DAA32408737ACFD572448401730529602AB324038B924AB8F2448401BB4E70B53AC3240D082BBFEE5244840737D129271AD3240288095D930254840931C9F5E95AE32405613FE937B254840C06AD2EFA7AF3240B1EF82DEC12548401C6EE546F5AF32408CD507A71626484013B315D846B032404879382871264840A2EEC9F195B03240E649CC38C72648405F3EAFF2EFB03240A95CE5962C27484042CCF53F56B1324083C5BD129D2748405992DD4FBEB13240373534AF12284840E3425B8015B23240E72181B97128484098FCE6D375B2324060E2FD82DB28484081EE13EAD7B2324091DBF5A5452948409A9520C674B232408C4FD301B0294840ACE46F83D5B1324098CEB8AF522A484013668A339DB232406A5E8910732A48405A4FA1F68CB33240BED082259B2A4840FFA18B380DB5324004846990E72A484040D91BF208B63240C08520D7152B484033CB3DE522B73240909FF86B4A2B4840FD4C8BA732B832400DDD3E997D2B4840429D687823B93240F97FC86AA92B48400F8FC5ADEEB9324091D050C3D42B4840F604BAA6D5BA324098A8566B062C484076BCCBD9C0BB3240F9C3538E362C48400E9FB1CBCDBC3240B10EB7E6712C4840B5FFC56041BE32404769C963C22C484072B745E825BF324094088396F12C484097047EB6C2BF3240CEBA830E5D2D48405D2C34FB4EC03240B3288930BD2D48407159E218B8C032406609AF09032E4840B627D2656BC132408D3FBF347D2E48405E004410DFC13240F73D7A05CE2E48401E5A398183C23240492ED9EF3E2F484054BD12DAF5C2324012D96588862F484060FBA3456BC332407519CB5ADC2F4840542B62C742C43240C059D3F06F30484035BB8273F0C432400286D041E03048408BEB730710C63240AD5E51649B3148408B5C896089C5324039F5F71CE4314840799FEAB5DBC432403AF07C823F324840A91D693BE6C332403DB93114BF324840F5B98CEF94C332409882EADCE8324840A61F9C514EC33240CE5A9DD46D334840C8735BB79FC232403ED3FCCFBC344840093279BF4CC2324052C242495735484075D7034B0BC33240FAE28A7B71364840A3FC0C5DDAC332404C06BB00A437484081A4D81428C33240702D21D8C3374840018B47E78EC132401482F6E91238484016A5437BECC0324015CA620031384840388F818D72BF3240DE6E6309763848405317A6C74ABE32408EE28800AC384840EA6F4E4B3EBD32405E548C1DDD384840E504DFA2F6BB3240816B642A193948402E509A62E9BA3240B60386FB4A394840BB63839AD3B932404FDDA15F7E39484014C9AD7E1DB93240E378BE1F93394840418C904D5FB832408C8A9318AA394840CB9C4BAC6BB73240AE876842C5394840B5AC65A436B632401D120F91EA3948403235CA5E50B5324018A9E3D4073A48408A4B808918B43240C736026B2E3A484006A2715F34B33240D84DD43B493A48407FC6EF5052B23240A9B6ABFE623A484055AA2FA43DB1324079760985833A48400792854155B03240D0B5D939A33A4840F0263B952EB03240EE115954F83A48400E1BE2CB05B0324051010B2C673B48407B671CE6DDAF3240D5ED5B24F13B4840D84D2E68A7AF3240B95A53E38D3C4840D016996F91AF32409968013AD73C4840BD82244427AF32400DEBBCE61C3E4840185B0C73FDAE32406D09574F973E484031D2A613D0AE324052D3BA79313F48407B2BCD497BAF3240CF880FA6843F4840D48D31C298B032408177DD11FF3F48407F10B589CFB132404EF21920854048407D6D2C4C58B23240D88ACE80C24048405546B148F3B232405C7FBBBE0A414840F720E375BBB332403A71BA8A684148406677BA6CCAB432405F1628FDD94148400CADA3D9C6B53240D75173EA4C42484063E7E3B85EB63240F78B6D2528434840F6ED44A9AAB6324076629B3F934348404151BA2ACEB63240F9D65B9BC4434840BCEEAACD3AB7324053A912F0604448403EEEA7DA5BB732405A63889D94444840B250DC3310B83240CB9FA918BA44484082486ED1AAB832403F67A6CBDA444840B3B202779DB932403C608C0D0A45484032D1DAB789BA32406ABC75783A4548409AEB2E5A50BB3240DC5B987B64454840A63A98F089BC32400D835ECBA3454840589111F477BD3240649170CED2454840CBF51FAC73BE3240F1B39B0E0746484065D62B3F39BF3240319795162F464840EB05C2D110BF3240A6F769A676464840
40,17.2135212937,48.2093961398,None,5131636,400000,line,0102000020E61000009B000000811AE9E59707314052CEBC7837274840CDE24A1675073140B3316CEE422748402F9DDF40E20731404C5147F07627484075BF97C863083140AD257FC08A274840755E86212509314011AB930D642748406A19BA6722093140DE74EAF80C2748402F51DA83030931404BC87141B0264840190DD389DF08314050C038D549264840078668EFB7083140FE50BF6FD72548401D569F4A9808314006504920792548408028A0A5770831408161925E1C254840C97D921C870931407AD2C6B1F4244840509FB212440A31401329DA19D4244840F0BC61BC020B31405F86AFE8B824484063ADAC43B40B31401E47FCC49B244840BECFA73CC60C3140A4CABE787024484072FAE2C3850D31402C34BAA952244840E2329923600E3140AECA37AF2F244840CAE81DE63E0F3140DAF8B84D0E244840E0E05EFEB10F3140688D2F68D12348403C796A1A69103140DD596C4A73234840B9997571BD103140ED26011247234840A618CDAB5111314086473987FA2248403DC26A90ED113140F01EE899A722484029BFC7D84A1231409ED637C759224840EC72A0109A123140467ECC0614224840FAB65976E5123140BAD37DA8D42148403AC9D99346133140235242D883214840AC08D8AFA7133140A3C7A99A32214840E5FE832515153140EE7FC56A2521484097EB221E171631406404BC211C2148407C7A3DE40617314044B04216142148406E50189F33183140EDC680930A21484058B00736F6183140F5870778E22048407D45C5B8AE193140B2E4A830BA20484024689676851A3140C34FED868F204840B61C23673D1B31409907D1E76A204840C51E265B221C314058CE82663D2048401E5E15BBBE1D3140FD3C022D402048402A2E985CAC1E3140415BE61707204840598019894D1F31400C2D4F0BE01F48406950B6062E203140409B19B6D81F48408E7D804B3B213140B6FBAB54D31F4840E50C430238223140004355B1C91F4840E7E486D663233140836BA7C9C01F4840B8F42BED4F243140F7F21BC2BA1F48407035ADFC122531401A1FC944981F4840547A4ED3AC25314074F2AB437E1F484036F44F414326314089E6C611641F48402BDFA979E32631402B115EA34C1F48406EEB1B7961273140BF09AEA8371F4840CDAD9820F92731401DF3CA4C1E1F4840AFEF25FAA72831402F3A76D4FF1E48407222D8B8492931403774F9EAE21E484065C59260DB29314076C196F2CA1E48405D17CD826F2A3140B2F44C16B11E4840BE8BC3C5012B3140B99DD626971E4840A021FFFD8B2B3140F600BB3C7F1E4840D209B38D3A2C3140AA46C56B621E4840CF9763961D2D3140DD57ED1C3B1E4840B32FA077DB2D3140969685181B1E4840F02ABA4A882E3140008716C0FE1D4840F065E9243A2F31403F5F0DE2DC1D4840FAEEF965C32F31409D21E316C51D4840B77B5B332A30314012538DB6B11D4840246A8B35B5303140B314BF6F991D484095EBF37955313140126A25FA7D1D4840D7663B4EEB3131402912ACBE631D484053FB09D6893231404CFA8470491D4840BA8F3C357733314094B493B8211D48402A27C4B72E3431407DB6C233001D484091E42D0459353140196581180E1D48400ABA2C16933631400076E7AD1B1D48404ED783AECE37314087A5FFFD281D4840B4658E13E6383140BFE6541C341D4840C1E65D20243A31407DD692E9301D484019750015703B31407542319D2C1D4840B3196454B23C314001D872F1281D4840676BEFFB6D3D31404FC953FE0A1D484001E46D76A23D3140E65E3D9E021D48407EB98664CF3E3140FEFBAB681D1D48406C20726EF13F3140F7E73D71381D484058C7D365184131400BC74308541D4840C6EB3778294231403B6223996E1D48405262019037433140FEA78E4F8A1D4840D63574D7024431404905AB2F431D4840643566C1DB443140FCB95405F71C48406CCE7AB49F45314021698E5BB61C4840E5B5CA6A6F4631408155CA326E1C48401BE316FC3A473140796D56C7231C48400511A01CF9473140C09E18C0E21B48403AF352FCBD48314025F596E79D1B4840E3AE6A1A8D493140C7E08A8E551B4840535DD8E5EB4A3140D7E761FE591B4840F87B75E4264C3140E96FD63E5C1B484001C6C9D4414D31407B713E9E5C1B484030A421AB7E4E3140491056295D1B4840563DBA35B24F31409528ADEE5D1B484025A5DB44FB5031406CC871EE601B48405B0C90A5E8513140479CE42D631B484014009EA45D52314021BC0289FE1A4840AE72F424BC523140435AD570AC1A48403B2078341B5331406C3B1CC9561A4840307BBA958A533140146C533FF61948403410DAA4E0533140117DAA34AC1948400B4C5715FB533140C797BBB8411948408F0BDE34175431407B7D302CD8184840351ADDA63154314003E1A70D6B184840E906E2C44D543140E2AFFE8D091848406E3852B66C543140E57D391CA71748403AAFFCB5875431404BF0182949174840ED699B5D9F543140B9415BB5F31648403E310416B8543140E0F78E5F9A164840FF34B0A467543140D300B409451648407D4CFF050854314059EEBE5FD615484009B43DE5AC53314090B294C56F154840FA594B655753314013C14E6908154840A99E18C5F752314087BB6BCBA11448405C52D5D5A25231407580439C3D144840943D1D64495231407EA9D69BD913484047F1D974F4513140C96D5E2A7913484002FB79459451314076C3B9F4081348408FD4A1F63B51314081D254BFA41248407F08C6A4E3503140848428483E1248400EDFF33493503140160EF87ED611484017E42F259E5031409C8F83857C114840C524BC57A9503140622F2E6D2011484065EE08ECB35031405EBFAD67C91048408B6CED93BE503140A48996C271104840155E0174CB50314025D8D4CA071048403BAA7FA5D150314022502998D00F48406E8BAA5534503140FE601842C20F4840161E3DF5074F3140B9AB133EB60F484025FCB5341D4E314037FC68BCAC0F48403A23FB34EB4C31404E4EB948A10F4840B66F03E5A84B3140A86FE623940F48401D8E3DB54C4A31401B660E00870F4840096CFEA40C49314088EBEEBA780F4840000F9205CC4731405BCD27066B0F4840406949468A46314054A065A25E0F484067395BA5494531400DA8A44C510F48405173CC4C02443140A2CE4FF8420F484071C9BEC8BB4231403D6704A5350F4840E6876F249D4131406D21A5342A0F4840C5A5586D8940314079AE5ED71E0F4840931A82C57D3F314046BB328E130F48407F997E005A3E314062CFBA17080F48404F8285658B3D3140EBDF9F60000F4840D1FFEDA58F3C31404D354F05DA0E4840636385359F3B31406A6933D5B50E48406B7323C5D93A31406C75D389980E484078DC9E35013A3140699A400E780E4840B18BA4953E3931401BB867025A0E484015FC326469383140E2689FD63A0E4840D82B374B3A383140307EFEF9500E4840
41,17.6674764206,48.4242997583,None,190354485,400000,line,0102000020E61000003B0000005AAC28A7E9B231402F6EC86238404840CDE70CE0A1B3314034EA3153F83F4840F6630ABB6BB3314010218D7BBF3F48406501068120B33140A2A74B696E3F48401AF859EAB4B2314085F33B09063F48409C9CB99394B23140372AF77BE43E4840D3813F4D7FB13140FD73258AE53E48408369887C9DB031408D3FBC32EA3E48402E880BA2FFAF31409DD97213A83E4840E6C103D276AF314072678C55773E48404C9F8D1672AE3140059CCC71133E484089E73FFCC1AC3140BE1D29E36E3D48409D0E1FD775AC31408382F645083D4840AF5C4ED225AC3140A47A6357923C484065E6C0A1DCAB3140AF18276B293C48403D348FB68CAB31403D649F3DBE3B484046FA747B43AB31406BE59D56543B48404AC64114F1AA3140082680B9E23A4840CADA89E69FAA3140261B46216E3A484049212BC159AA3140CC7E57C40C3A4840A49A4E3B4CAA31407EC167FCF93948401E59C0BBFFA93140714B629C913948402BEC3924F4A93140EE07442735394840D3005422EBA9314041C4609F0B3948403BF1A9CCE4A93140FAB91C4AD43848403585B43CD2A93140C8DE60D25538484026117C2DC3A931402BAD2983EB3748409B54C8E4B2A93140D5C843FB7B374840484DCF62A2A93140ABE279C80F37484054EE584297A9314095F84E2AB73648406F1F626988A93140BCC765234F364840A7572A7676A93140F911809FD7354840D198AC2D67A931408C1C3DAD643548406A6BF49253A931407A0DD4FEF5344840F122933545A93140480F046C82344840D121D5FF31A93140C30749E80B344840B973F3FA21A93140EAFCDE369C3348402E3739FB14A93140C2F02C023A3348402C7AC3E504A93140545A9390CF324840139A6EFCF6A831401E5F19865C324840BB3CAC96E4A831401671F160E6314840A3DC5D64D3A8314026F9D7ED79314840A0D4412FC3A8314025D798100C3148407D7AC0F4B5A83140C60EE50FB530484076728AE3B2A83140D95B33E7A0304840946E40E1A0A8314023FFB6BC32304840FE6CC0DE8DA83140A525DBD8B12F4840E25AF81082A831401859BDFA442F48406C9DC02E72A831409E7765A0E72E484018FD8DBA62A83140DB9B46D57B2E4840FF5CBC2C53A831404F19E9F80B2E4840A871E39843A83140B95BAA8F992D4840C81F06C432A8314084047FAE2D2D48404978ACF95AA83140F61A8EA4E12C484029DDA17D91A83140E6E7826B712C4840DF5FD9FEBAA831406529BAB41A2C48404BCF220CFAA8314031F7DAC6A02B4840535151B616A93140AF470949642B4840BBC3877654A9314009696C975D2B4840
42,17.6960106867,48.5021137396,None,23015581,400000,line,0102000020E610000006000000517B07F2D0B131404D6C5560D33F4840F8A5402EDFB1314093994F16F53F48404B86E98FF3B13140BB8C49C8394048405AAC28A7E9B231402F6EC86238404840775C7EE840B23140AFB98ABE70404840305C1BB78FB13140792BA88AAD404840
43,17.4790433349,48.2013744474,None,190419916,400000,line,0102000020E610000080000000D13739AB0D3831400B8CE9D4330E48403273E7E02E38314080F585EA240E48400320ED3ABC383140C9CC250B030E4840C404F24A6C39314065082259D60D4840AAE3A08C8E3A3140198A4054F20D4840548445EBF93B314066406942150E4840A71DD7EB613D3140006C6220390E4840AA934F7CB83E314071675EED5A0E48401D6853CB7C3F3140BC7501479F0E4840399A306BF73F31401C884568CB0E48400EAD035BC14031409526D451130F4840EF32D5BBF6413140F3703BB61F0F48401983E2AB50433140EDE349DB2C0F4840F3AFD62B994431407FBC12203B0F48408994967CED45314040A6DD74480F48401B1D7FCB5C4731400CC2A30A580F48408D24B09BB54831405C483FEF650F48400FDBA10CF04931403E04A913730F48409AF794CB4C4B3140647CD4A8820F484084F9794AC24C3140B07B24BE900F48406365EB3F4B4E3140ADF24B5CA00F4840453C71DE634F3140D35C892BAC0F48401CD4454F56503140691923E7B70F48407140DF36F95031402D40A072C80F484093FDF2BF6B5131403A9C30E6FD0F4840371BBC451D52314032B462181D104840C22497555453314018ACD02A5910484009E63D36975431404B03E1AD97104840EE651B55DC5531408D76C8CFD510484051D6EA46CC563140134263B20311484089D3C49CCD57314087DF4FBA36114840C9EB068FEA5831403C322E056C114840560781D4755B31400C7A9356E6114840FFF0CAA9AD5C31405640B50924124840D223998FF35D31405916954361124840CA12DB3D085F3140AA6ECFB195124840FA2BBBA517603140ABC96894BB124840ED5B7927EF6031403A67F68ADA1248405CF5DA08EE6131409CE82F8EFC124840E204AA5A15633140C15D4B7A271348409BE1B97C87653140314805DB7C13484049109C53DC66314092A53207AC134840C5E5B44109683140A352644ED513484086F2D07C45693140598FDE10041448405A571247896A3140E5C23D562F144840BE9C6AC7DA6B314097A8640F5F14484037D321C9326D3140441AF2398E144840EF0F6F195A6E3140DB7F3880B714484093E492283F6F314014D99E37F2144840F27891CF4670314048BAC92A331548402DFB79146A71314071CECE587E1548402F8824378F72314007F8F0E2C91548401C61ECA4BA733140F55D96C913164840831E56F1E474314049E821415E1648409254A6280F763140E192275DA91648409EFAD11A0F773140E1E461D3E9164840991378E60A7831409A1AAB3D29174840807D433532793140902F2CC8731748408958C250357A314068FD1500B6174840093724A41C7B31407902EE30E01748405A894344207C3140FBB588261018484089F5BEB6537D314050CA6A214A184840B845F3F0997E314042103F3D8818484078D82301B67F31402611669EBC184840B8AEEE5C9A803140143EDC8EFF1848403455B5D1AD81314007CFA9534F194840210A34AECE823140CF01B220A01948404CA3F382EE8331405FBCE8F3F119484032EC7CCFFC8431404F79605E411A48408846C5120A8631408074FCF78B1A48404840C99E20873140D0273B68DC1A484050864287C087314018D2F53F191B4840167069AB88883140EFA59B36651B4840F3F459253B893140D502DB44A91B484067D787C7F28931403A191A63EF1B484040EA7493AF8A314088F56837371C484085960F8A928B3140A2AF4E328F1C4840149E1DA97B8C31401A635D88E61C48400719686E608D3140DF3FAD463E1D48409171F612478E31402340C6FA941D484063CC34DB398F31402C53F7F8F01D4840CD10ED9AE78F31407D217894371E4840BB5DEBCC70903140BBC0946D691E4840D1917B8146913140F79C799AB91E48408BFC6D1CEA913140C707CA45F81E4840A0FB90CBC992314014DCCFB64E1F48403D85E770C29331404ABE9D91AB1F4840655C29F8AC94314076DFA13F062048408507DF6E909531405FC82C545D2048400D3C24826C963140878C41A9B0204840BFB9EDA55697314027E4991FDF204840FD8C979656983140ACBDF872112148403893BA51129931401ADF908C362148406C1081821D9A314045F575716B214840E68CD66B509B3140793DC3D3A721484008C59C2A739C31403ABA8F48E12148408FFBBB9C969D314001708CF81A2248400C43BE5CC69E314049A727A55622484065A522D5E39F3140F29C900A8F224840E31375B50FA13140C9FEAC8AC92248406BE3CD1932A23140B0557CB0032348405DAE9FEC4FA33140885B67143C234840F66327A07DA43140B96661767623484038E33C0E95A5314069222E07AE23484002E2E2AFD0A531409EC927C2B9234840C5D6054EAEA63140DBC9D45BE5234840239D508FC7A7314016201ACE1C244840A816ED7DE1A8314009AA137C542448402BF74F7AFCA931400C1299DF8C244840607416AB07AB314090ADEA81C1244840BF4EFF8211AB3140D57FD78618254840BA5C028C18AB314096BE94B47B2548407E35441723AB314064773C45EB25484076DF60572EAB314078C7F6925E264840A15A584C3AAB314040B64F5EC326484098928BBA42AB31405B656E432A274840C30D83AF4EAB31407599E24E9D274840BDE912D457AB3140FCF77F19092848407F90E17A64AB314026F6ADCB79284840E09C3D376CAB3140583491A5EB284840AF211FF873AB314074DF5B455229484013AB874A80AB31402FBD2774C4294840155E143A32AB31401457E451172A4840B5288EFEE6AA3140DB0D6EE8662A4840E793A88BA4AA31407F39886DAE2A4840C22C1DC054AA3140CDDD06CD022B48403EB75BD9B5A93140D8139AC9152B48403A91119F77A93140535BE9CA1D2B4840
44,19.694950474,49.051121368,None,203232762,400000,line,0102000020E610000070000000CB12AB3077E83340E24C65A92381484074360F4412E8334056EED9231681484057897F6EE7E63340C011A4570981484012943F0138E633407A74707F048148405B2479E654E53340709BA428FE804840E84D815C56E4334036A2C76C3381484093B6C9BA35E3334089FCF2136D814840DDB718F9CBE133408CC6C249B6814840CE9AFBFCA3E03340FDF33874F2814840FBEC212A8DDF33407286CD622A8248400BCF75711DDF3340CA1D845141824840BB47E9CB23DE334006D411783682484028DF61984ADC3340D3CAFF2421824840E24E0EDA54DB33401691BDE1168248407B34BA378EDA334001D55D280F824840E13D8F66B1D93340E0E4E9F3058248407725152332D93340D288D375FE81484025760B2D92D833405C77C421B881484056D04D8F8BD73340DCB4CD56A8814840A8821DF157D633408C6EB98B9581484026706E5A2BD53340EDEF754A8281484052A640E12DD433409BAF0B757481484073C39E064FD3334098850889F7814840745C31B06ED2334097E0A1CD8282484033E8D8E03ED23340ADDD7483E9824840BAB0A86515D23340E88A748A3D83484016FE80F5DFD1334089D5D1F6A88348409C94DD95B8D133406837095EFE8348405A2E953D89D13340A2CFCD9C5C844840E30FA56B5BD1334041445C99BB84484057218BAC46D1334092188815E5844840146D95A525D13340D4D6A4AE2785484024A4C47B3BD0334087EA5C485485484010D64DA6C9CE33402A6F5A5797854840954ED5F894CD33404EC5507DD08548403B8784D1BDCC334019A1D902F88548400516E74A72CB334030EC849C34864840095CF8C560CA3340372CD4FE67864840317D2FAE7FC5334051A6852B4B874840A7E2297360C433401BF0756D7E8748403A91B36B97C233400185AEC8D0874840A810DAE33EC13340B998B9B60D8848400B31D43637C033401D60CE823D8848407F45272C2EBF3340A9FC6D852E88484001CCB18700BE3340A5BFEAB51D88484061FBDB13AABC334011F78FC10B88484011F575E75DBB334064B90300FA8748407F6E81D328BA33408D29348CE987484050B03ECF5AB93340B115B12EDF874840785C140B09B8334048ECCF79CB874840805E95B549B73340907B9900C1874840D59D755F55B633408CB4A26AC6874840EEFD826EA1B433402FDBC00ECF8748406994EA31C2B33340F5A8D6D1D1874840FC5F75FF7CB23340FB1BD257DA8748403F5A5537A0B13340E1791BF5DB87484081ABF7CA89B03340E64E4404E1874840B6DE105773AF33401DE69F52E6874840E2AD1CD074AE3340CCC79BD0EA874840B5489DD0A0AD334094626DCFED874840CD45988F7AAC3340FE3B9D1AF68748406B32B3F326AB3340E138D4C6FF874840744197E6CAA933402B13FE11088848406F6752696BA83340827CFE6A128848403AD773893AA733407C828E5819884840C30E7F0843A63340F228B089058848403AF0B1EA9EA43340C554E9FBE2874840B3487D1F02A43340B0A457C6D687484077A9207247A333407B9D9509C58748401DAE82072BA233406CBB6403E78748403D5CFEE93AA133407E35F7D000884840BE4775F4C69F3340EB5B14152B8848404366335CDA9E33409A256643468848400111759DB09D334013AD816560884840017FDC1E599C334003E44FA97D88484034E748D4459B33402261CA2795884840248DBC790A9A3340C59B059AB1884840BB95DDEFC4983340D16C4751CC8848409F81870C99973340D43F093CE68848407607236D519633403FF61A50028948406380041C51953340E758EDC9188948402608F88E929433407793BB6D0B894840CA1883CE359333404CD58081F788484022BE23A08492334092F2CAF2ED884840C90022C425913340EEFA555FDA884840165B3407B68F3340715D1DCCC38848406901DBBEC28E334064A91D67B588484088036B25C88C33402499E8929788484036F9C3CBE68B334004756EC18988484083CF0E2CF28933402727E4BB6C884840F69BCFFED388334085E790745B884840BDA9F122E8873340B5AB8D874C88484041801D68E686334043952FDB3D8848406D0FB3F3E285334049287E312E884840660DE4B7E38433409918A6DF1E884840F729BD9D678433402E7BBA391C8848409CF082A48D83334038E84A3118884840E25A724F6C8233406F5BAE3412884840C3E3091CCE8133404A9122FA0E88484016A028C912803340022C397406884840410A48935A7F3340A42E6500038848409194F35BA17D3340D4749235F98748405ADB6AFB1F7D3340E75E8D7F0488484001A3047BCF7C334072DED54F2B8848401E32BF02ED7C33409DA248EB6E884840C56F1D5C1A7D3340CD3E21B4E088484069890BDA507D3340A2D58AEF68894840EBAF58076E7D33406336B766B2894840CB893EEC987D3340C202B977138A4840AC8A74F1BF7D3340278EF4B6768A484027F41751E77D33408E718156DB8A48402C08770CAA7D3340C0EAB3D6F98A4840
45,17.6960106867,48.5021137396,None,23015581,400000,line,0102000020E610000006000000517B07F2D0B131404D6C5560D33F4840F8A5402EDFB1314093994F16F53F48404B86E98FF3B13140BB8C49C8394048405AAC28A7E9B231402F6EC86238404840775C7EE840B23140AFB98ABE70404840305C1BB78FB13140792BA88AAD404840
46,17.6929588288,48.50214599,None,190354483,400000,line,0102000020E610000004000000305C1BB78FB13140792BA88AAD404840E55F6C436DB13140580162AF59404840FE6116834BB1314072EF999A054048400B83A6193DB131409B5ADE08DF3F4840
47,17.8060342589,47.7363195453,None,350932388,400000,line,0102000020E61000000800000027350F83CBCD3140C50DB57B01DE4740CC14A29FD9CD31409B2E0C9902DE4740180B43F518CE314010D0CB9A07DE47402D76803346CE31403F7F1C2E0BDE474074429621B2CE31404370611913DE474045133EC46ACE3140C66714DA7DDE47408012D89FDACD31407059D59173DE474094894BF6C0CD3140728BD01571DE4740
