n_id,longitude,latitude,type,voltage,frequency,name,operator
251093000,75.3059865914,15.947425914,substation,None,,Ramadurga,
251093019,75.545404177,16.0088577952,substation,None,,,
251093007,75.109227199,15.7564184946,substation,None,,Saundatti,
409304637,75.1145602288,15.7519237411,substation,None,,,
409304552,75.1270299469,15.8472450055,substation,None,,,
330065946,77.3474964471,16.3097484654,substation,None,,,
433546020,77.3552159915,16.2951094405,plant,None,,Yermarus Thermal Power Station,Karnataka Power Corporation
250771489,75.7798403788,16.8119526251,substation,None,,Bijapur,
250565830,75.7157366137,16.8130820048,substation,None,,,
386095142,78.1200823728,12.0782126275,substation,None,,Adhiyamankottai,
386095150,78.2113575277,12.3041480363,substation,None,,Karimangalam,
386095154,77.9074117752,12.1320155407,substation,None,,Pennagaram,
386718644,78.5973350997,12.2268214462,substation,None,,Singarapettai,
250771503,75.1314121189,16.4772609302,substation,None,,Rabkavi,
250821982,75.1050274644,16.4054504015,substation,None,,Mahalingapura,
30787653,80.1309510912,12.9466536091,substation,None,,,
247545826,79.9963630477,12.7453602263,substation,None,,,
287961173,74.2991791312,16.6781878376,substation,None,,Kolhapur,
287644885,74.2756718773,16.6369440687,substation,None,,,
250771556,75.6305106702,16.3474797685,substation,None,,,
250771570,75.628518083,16.3415380249,substation,None,,,
340340842,78.0109125114,11.5773704369,substation,None,,,
340337201,77.8273357322,11.4447670293,substation,None,,,
340337117,78.0050843495,11.6701378885,substation,None,,,
340337083,77.8592146475,11.5845409291,substation,None,,,
337856871,77.6178177065,11.3163196334,substation,None,,,
337239140,77.1257019301,11.0936686736,substation,None,,,
256707944,76.1613570103,13.4076673149,substation,None,,Banavara,
256707945,76.0550449798,13.2985465319,substation,None,,Javagal,
251093108,75.5817098012,15.2280832399,substation,None,,,
409304618,75.4600973295,15.1268256097,substation,None,,,
250517624,77.3401882933,16.2099692376,substation,None,,,
251260527,76.7699675276,15.7849793539,substation,None,,Sindhanur,
256707946,75.9940696312,13.5783301374,substation,None,,Kadur,
256707974,76.0305437834,13.5291144896,substation,None,,,
309653642,78.960108781,9.33643193612,substation,None,,,
310430101,78.9255998719,9.3518284865,substation,None,,Valathur,
342137005,79.6127348707,11.9926489503,substation,None,,,
341813945,79.7643730969,11.9194393461,substation,None,,,
342163764,79.7539572699,12.0004829284,substation,None,,,
342137006,78.9498036865,12.1622876843,substation,None,,,
342136946,78.9283744596,12.2665048259,substation,None,,,
342137007,79.8132306304,12.4120668969,substation,None,,,
441614553,78.9973529046,10.3793090666,substation,None,,,
310578517,78.9576548664,10.5192790365,substation,None,,,
441614558,78.7796464119,10.7470962517,substation,None,,,
323713959,78.7486485888,10.6274648777,substation,None,,,
337856763,77.7721351635,11.4533445924,substation,None,,,
337856764,77.5778535186,11.2437192788,substation,None,,,
337856853,77.5505237291,11.2209094569,substation,None,,,
337856783,77.5897826053,11.3388284119,substation,None,,,
336571825,77.4357073247,11.3995284713,substation,None,,Gobi,
254681364,76.8710675811,15.1571395488,substation,None,,,
254681382,76.9065928751,15.114274244,substation,None,,,
341791011,79.5751696867,11.0882223215,substation,None,,,
341791027,79.6058603504,11.2017217032,substation,None,,,
337856843,77.1748541118,10.6771141282,substation,None,,,
337856848,77.1722872442,10.6146426134,substation,None,,,
337856850,77.0971178188,10.9160600759,substation,None,,,
337856913,77.1999260038,10.8838819742,substation,None,,,
337856904,76.9980223481,10.9381677478,substation,None,,,
336535467,77.3342729034,11.1190870612,substation,None,,,
337856856,77.5608485591,11.234271105,substation,None,,,
337856854,77.3048709568,10.73340654,substation,None,,,
337856892,77.3726087633,10.7660846191,substation,None,,,
337856870,77.5107980961,10.7337822886,substation,None,,,
310834702,77.2796112873,10.5759873754,substation,None,,Udumalpet Substation,
336535496,77.2555994678,10.9243826437,substation,None,,,
337856874,77.4408822533,11.0342370295,substation,None,,,
337856921,77.3117451727,11.0042070804,substation,None,,,
337856889,77.3992369365,10.702058465,substation,None,,,
310430089,78.7883982733,9.25360150489,substation,None,,,
385335088,78.6322537084,9.18248990817,substation,None,,,
310430102,78.9235884132,9.34939946778,plant,None,,Valathur,
310430065,78.8958333403,9.36573080676,plant,None,,,
310156648,78.3872098311,9.41726711429,substation,None,,,
336535495,77.2778085331,10.9734246429,substation,None,,,
337856926,77.6953039729,10.7986919472,substation,None,,,
337871630,77.7577938102,10.7084353666,substation,None,,,
309492142,77.2982617819,8.96337567137,substation,None,,,
309492153,77.4401899777,9.09438962402,substation,None,,,
309492230,77.3229918541,9.00195857968,substation,None,,,
340337107,78.2232517803,11.1338831667,substation,None,,,
340337173,77.9523278837,11.1387688096,substation,None,,,
340479247,78.5908507779,11.1332742286,substation,None,,,
340337120,78.1764839391,11.3186649146,substation,None,,,
386153948,78.0605258331,11.8061676313,substation,None,,,
338065886,78.4878138869,10.8950378491,substation,None,,,
338065891,78.3864747938,10.8634809841,substation,None,,,
309492191,77.6824050491,9.12037982832,substation,None,,,
309492211,77.694288624,9.14943377012,substation,None,,,
310694377,77.8495452112,10.4371372769,substation,None,,,
323845076,77.9337355422,10.6019907675,substation,None,,,
309492235,77.5356853819,8.99996025809,substation,None,,,
309413122,77.6599418429,8.95272178787,substation,None,,,
340479231,78.1320897146,11.634688827,substation,None,,,
441455208,79.7329281905,11.7270279471,substation,None,,,
441455224,79.6965863529,11.6465416612,substation,None,,,
441455226,79.7408443891,11.6554042262,substation,None,,,
341813936,79.5896169933,12.127505384,substation,None,,,
342154839,79.4819345283,11.9888307839,substation,None,,Villupuram,
341813941,79.4660385124,12.0681770003,substation,None,,,
342523696,79.2747511281,12.6494715529,substation,None,,,
342154837,79.4115952335,12.2633509773,substation,None,,,
341813942,79.3508500375,11.8406697426,substation,None,,,
341037766,79.1273672535,11.5389867563,substation,None,,,
341037782,78.7239272994,11.5837493767,substation,None,,,
341037778,78.9195470631,11.7461121032,substation,None,,,
386718596,78.9273162464,11.8695988483,substation,None,,,
341037784,78.8257347442,11.8137764756,substation,None,,,
340479220,78.4835751579,11.454531206,substation,None,,,
417389377,75.5635057997,11.7317911692,substation,None,,,
417389382,75.5446284094,11.7238316271,substation,None,,,
370258403,76.2608496583,10.6567026722,substation,None,,,
258067712,76.2725195009,10.5620824812,substation,400000,,Madakkathara Substation,KSEB
310070100,77.4674211503,9.87280752651,substation,None,,,
310099493,77.4607562877,9.87528446167,substation,None,,,
310070105,77.4668014458,10.0036425916,substation,None,,Theni,
310156650,77.872409672,10.284435344,substation,None,,,
370258407,76.2852163233,10.7806043629,substation,None,,Shoranur,
259085493,76.1589494161,10.9496303257,substation,None,,KSEB,
310070130,77.5022717337,9.82277868719,substation,None,,,
373398408,77.2986000536,10.4932881805,substation,None,,,
288035730,74.4024223228,16.9595507204,substation,None,,Ashta,
288484622,74.3203091742,17.0753164656,substation,None,,Borgaon,
323713939,78.8003987123,10.7533831945,substation,None,,,
341305245,79.072509016,10.7155985788,substation,None,,,
386718613,78.5682453399,12.5217467079,substation,None,,,
386718618,78.585447988,12.4789968928,substation,None,,,
245726104,79.9413419066,12.863567441,substation,None,,,
386718634,78.6309899901,12.6769313018,substation,None,,,
386718638,78.7084708972,12.8209818041,substation,None,,,
386718646,78.6804383476,12.7341685176,substation,None,,Vinnamangalam,
288035761,73.9533057381,15.364057086,substation,None,,,
255614817,73.9333256176,15.3713238886,substation,None,,Verna,
247337906,80.1812372999,13.0999231841,substation,None,,,
30738573,80.3097197116,13.1990783088,plant,None,,Ennore Thermal Power Station,
386718645,78.6107798983,12.2492524546,substation,None,,Singarapettai,
344870339,79.173946967,12.6495777138,substation,None,,,
247337922,79.6860315978,13.0969833071,substation,None,,,
247337947,79.6922649178,13.0930447721,substation,None,,,
344876951,79.2431809367,13.0000495781,substation,None,,,
248736709,77.4509529515,17.9132386894,substation,None,,Bidar,
248736735,77.3676119755,17.9126941399,substation,None,,,
245726161,79.9064582391,12.9207916624,substation,None,,,
30814111,79.9768016218,12.9828851628,substation,None,,Pennalur TNEB Substation,
247337951,79.808534952,13.0386660806,substation,None,,,
342523760,79.4559512872,12.8945123265,substation,None,,,
309138404,77.7040271852,8.18511539501,substation,None,,,
309120570,77.7524232843,8.2102634706,substation,None,,,
248736743,77.0995640829,17.7615586711,substation,None,,Humnabad,
248736767,77.3670016616,17.7297615618,substation,None,,Manekanahalli,
248736755,76.936997543,17.8418553939,substation,None,,Sasthapura,
370495316,74.0177029484,15.4103000007,substation,None,,Ponda,
370495318,74.0723591032,15.2283082943,substation,None,,Xeldem,
409304585,74.4664591727,15.7876239399,substation,None,,,
250869018,74.465138108,15.7855617824,substation,None,,,
250565706,75.9288693791,17.1726802081,substation,None,,Indi,
250565712,75.9755318735,17.2748431242,substation,None,,Lachayan,
340479062,77.8299718409,11.8163881843,substation,None,,,
340479206,77.8243354996,11.8091425187,substation,None,,,
340479079,78.1012239274,11.6542946316,substation,None,,,
357560173,74.9752804166,13.1966143022,substation,None,,,
256638639,74.7880967923,13.3318287217,substation,None,,Manipal,
309279892,78.0846004421,8.58780990006,substation,None,,,
309279917,77.9035773277,8.44128306937,substation,None,,,
385432377,78.0893781466,8.81660325538,generator,None,,,
337239223,77.0741439559,11.1996913553,substation,None,,,
336571800,77.1618659377,11.3400607132,substation,None,,,
336535529,77.2455940723,11.1810694539,substation,None,,,
421876939,78.9695754599,10.2007247833,substation,None,,,
310578484,78.7853558688,10.4322739506,substation,None,,,
341599832,79.3044519796,10.434285925,substation,None,,,
309413128,78.0472135977,9.01377296092,substation,None,,,
309413111,78.0380351829,9.00686125045,plant,None,,,
178601229,75.5970176888,13.9099960357,substation,None,,Shimoga,
256638740,75.6555721482,13.8764578157,substation,None,,,
288484623,74.410705346,17.1245819313,substation,None,,Kirloskarwadi,
287323522,74.208378389,17.3176395175,substation,None,,,
250869011,74.9518605803,15.4988440576,substation,None,,,Power Grid Corporation of India
250869028,74.9143087659,15.5179586718,substation,None,,,
250869029,74.4588394932,15.7837441434,substation,None,,,
336571711,77.2160441737,11.4573034067,substation,None,,,
310578504,78.4672790758,10.3156778295,substation,None,,,
310578521,78.3783206198,10.386446422,substation,None,,,
309564845,78.1215108374,9.50052147603,substation,None,,,
309564808,77.8263394997,9.42024925695,substation,None,,,
309564811,77.8174660128,9.43638800813,substation,None,,,
336571789,77.4364618784,11.4218010069,substation,None,,,
310834677,77.244692154,10.592926111,substation,None,,,
310834691,77.2671369191,10.6356433448,substation,None,,,
310099525,77.4625504047,9.87468012582,substation,None,,,
338030186,78.0932752991,10.9215078835,substation,None,,,
338030192,78.1191199256,10.8405959265,substation,None,,,
338030187,78.0228464998,10.9787338632,substation,None,,,
337882099,77.8824103573,10.9077984697,substation,None,,,
338030194,77.9889269664,11.0543413883,substation,None,,Pugalur,
251260524,76.1895978967,15.7669058917,substation,None,,Kustagi,
251260649,76.4231118119,15.565891693,substation,None,,,
256638744,74.7437168664,13.3655945273,substation,None,,,
256638640,74.6398788712,13.7620434006,substation,None,,Navunda,
256638718,74.6937336319,13.6162708237,substation,None,,,
342523725,79.3006873002,12.8939494845,substation,None,,,
342523756,79.3082942775,12.8073461042,substation,None,,,
342523728,79.2164231044,12.9684422805,substation,None,,,
255614812,74.8646788985,14.6316831335,substation,None,,Sirisi,
251092990,74.8701990182,15.2105978585,substation,None,,Kavalwad,
247662473,80.0678432538,12.6107775099,substation,None,,,
337882095,77.9668721871,10.835456863,substation,None,,,
247545781,80.2105113307,12.8206263826,substation,None,,,
247545819,80.2104164098,12.8222800075,substation,None,,,
251092972,75.6689709757,16.1866637896,substation,None,,Bagalkot,
251092973,75.6037482607,16.1383830927,substation,None,,Bagalkot,
337248250,77.0832160072,11.357898758,substation,None,,,
337248252,76.9522495963,11.3089487266,substation,None,,,
168075268,75.7258022578,29.6683059357,substation,None,,Dharsuli,
168075290,75.6585068943,29.6904213001,substation,None,,Taliwara,
125820420,75.5645987106,29.6927305556,substation,None,,Ratia,
168075292,75.9094893771,29.697178051,substation,None,,Tohana,
168075282,75.7082532485,29.5782668884,substation,None,,Bhuna,
229709829,74.9934854805,27.4964886166,substation,None,,Dhod,
229709831,74.8586795673,27.600274314,substation,None,,Kachhawa,
168075270,75.7955098527,29.1247214492,substation,None,,,
168075248,75.7766337499,29.1312144254,substation,None,,,
174158383,74.50023925,27.7009182444,substation,None,,,
166301705,88.1510621404,23.2661947078,substation,None,,,
148851069,88.4025601862,22.9962799062,generator,None,,Bandel Thermal Power Station,
166301718,87.5492193622,23.4352765559,substation,None,,,
202205194,81.4210906755,20.6897070321,substation,None,,Gurur,
202205212,81.1750836192,20.7397601859,substation,None,,Dallirajhara,
230905853,81.7081456064,20.8431547488,substation,None,,Kurud,
418645238,74.738357032,34.0823942822,substation,None,,Zainakote,
418645228,74.5449945809,34.157261187,substation,None,,Pattan,
125403149,76.4094631088,29.1299883407,substation,None,,,
168197467,76.2800549459,29.374108695,substation,None,,,
140527631,75.3298527158,19.8255930502,substation,None,,,
140527501,75.2834003888,19.7252201926,substation,None,50,Chitegaon,
122460179,75.4851652162,31.1266632221,substation,None,,Nakodar,
123242154,75.4414834754,31.3534133792,substation,None,,,
122552293,75.5899293024,31.2954520697,substation,None,,,
312278289,75.5826048989,31.0892525024,substation,None,,,
242776084,79.1449400387,17.7490174847,substation,None,,,
243008582,78.4411332718,17.5233453332,substation,None,,,
125403157,76.4932912761,29.5743130697,substation,None,,,
168224224,76.5259972584,29.6973256369,substation,None,,,
118333238,87.350476337,23.525942934,substation,None,,Bidhannagar,West Bengal State Electricity Transmission Co. Ltd.
63752215,77.0995520992,28.8676024123,substation,None,,Narela,
112973657,77.0501460326,28.9811750753,substation,None,,Fazilpur,
125403160,76.3810692863,29.4405572154,substation,None,,,
166301700,87.6697776266,23.9463932364,substation,None,,,
148270930,88.1242302487,24.04551,substation,None,,Gorkana,
125783260,76.1440077709,29.5708866829,substation,None,,Narwana,
168197456,76.1252919412,29.7590731384,substation,None,,Garhi,
168171933,76.0119465538,29.6987833099,substation,None,,Dhamtan Sahib,
174647331,75.9518957053,24.721015477,substation,None,,Morak,
193804265,75.8178612869,25.1823205468,substation,None,,Kota,
331427465,72.7327131136,19.7991428786,substation,None,,Boisar MIDC,
331427443,72.7303104404,19.7905566498,substation,None,,,
281161772,91.6397550213,26.4519571259,substation,None,,Rangia,
391176675,91.6376460778,26.4527425266,substation,None,,Rangia,
281161783,91.731134776,26.3354706594,substation,None,,,
281161773,91.9910599983,26.4218598523,substation,None,,Sipajhar,
203794983,92.1900565581,26.7233574388,substation,None,,Rowta,
182938632,73.7349364729,26.6370018068,substation,None,,Gotan,
193229428,73.8619484065,26.6510493372,substation,None,,Lamba Jatan,
168077367,75.7265557718,29.1741722664,substation,None,,,
168075252,75.7910929831,29.1485138905,substation,None,,,
242776121,79.4072768324,18.6310511636,substation,None,,,
242866474,79.1242476556,18.4469956097,substation,None,,,
148895803,87.8709878362,22.4301148242,substation,None,,,
148897776,88.0801590605,22.4780753179,substation,None,,Uluberia,
278200330,75.803447476,26.8920082527,substation,None,,,
193847180,75.7607529802,26.8717111157,substation,None,,Mansarover,
242776127,79.6577606249,18.655267548,substation,None,,,
436023365,79.7434266586,18.8457335203,substation,None,,,
105295936,77.8631912008,29.3282485419,substation,None,,Janseth,
105373502,77.718942293,29.2676168335,substation,None,,Khatoli,
125403201,76.4055394798,29.7830725671,substation,None,,,
125403207,76.3605943593,29.8822449159,substation,None,,,
254834153,76.5031160967,29.90643953,substation,None,,,
201845290,78.8941923658,21.232687091,substation,None,,Kamleshwar,
315477136,78.8583348779,21.4056937322,substation,None,,,
148895822,88.0928231675,22.0552341484,substation,None,,,
148895799,88.0872598263,22.0656749481,substation,None,,Haldia Sub Station,
170760205,75.7051814509,32.2765342686,substation,None,,Mamun,
391428600,76.2888131293,32.1254523805,substation,None,,Kangra,
125493331,76.1015312561,28.8147631189,substation,None,,Bhiwani(HVPNL),
125691791,75.8903187585,28.8460164591,substation,None,,,
211088365,76.8804144392,29.0396002094,substation,None,,,
125099794,76.7620314421,29.1970081087,substation,None,,,
92969045,84.456425339,26.4522600406,substation,None,,Gopalganj,Bihar State Electricity Board
92943899,84.5446590435,26.8048822391,substation,None,,Bettiah,
92969104,84.3721868037,26.2195615841,substation,None,,Siwan,Bihar State Electricity Board
183150209,84.5522603054,19.3919137675,substation,None,,Digapahandi,
230905854,84.2547336228,19.4489016992,substation,None,,Mohana,
201955684,79.2462837706,21.2247974443,substation,None,,Kanhan,
201955751,79.1682862676,21.1448741996,substation,None,,Pardi,
174491739,76.9093144013,26.5758642571,substation,None,,Baroli,
174491740,76.7069745677,26.4773120212,substation,None,,Gangapur,
174491741,77.0274600019,26.7695391425,substation,None,,Hindaun,
131336166,77.1658330355,27.0186327272,substation,None,,Weir,
225185360,77.0165581269,26.502004018,substation,None,,Karauli,
174491742,76.9234249008,26.6957803692,substation,None,,Sri Mahaveerji,
125159523,76.8638059755,28.6773158299,substation,None,,,
125159529,76.9474675325,28.6883683605,substation,None,,,
125222834,76.6740772664,28.5897567753,substation,None,,Jhajjar,
418989314,74.9086273272,33.0005030044,substation,None,,Katra,
418989332,74.8120747264,32.8502384506,substation,None,,Barn,
208638053,75.218774601,26.6700877213,substation,None,,Dudu,
131347344,75.2300133554,26.8608259178,substation,None,,Phulera,
131347361,75.3558372203,26.9674938876,substation,None,,Jobner,
174002283,74.0488515517,26.650869618,substation,None,,Merta,
229709828,74.334449705,26.115630197,substation,None,,Beawar,
183023724,76.3135105103,29.8599867666,substation,None,,,
183023721,76.3365818722,30.0242219851,substation,None,,,
174786676,73.9235701862,25.0625795971,substation,None,,Kankroli,
380082308,73.7708743725,25.1124700358,substation,None,,,
204810357,83.9680582564,21.8657073919,substation,None,,Budipatar,
204810391,83.9979636853,21.849063077,substation,None,,,
315823989,78.2287545399,14.4037264292,substation,None,,,
400498312,78.1495532992,14.1470957119,substation,None,,Kadiri,
319883386,74.6438717356,24.9811944226,substation,None,,Ajoliya Ka Khera,
193715088,74.6003993183,25.3358712557,substation,None,,Bhilwara,
319883387,74.7467362186,25.0382669509,substation,None,,Bassi,
166301717,88.1239114956,23.634059267,substation,None,,,
149281609,88.2925820717,23.6794874147,substation,None,,Debagram,
120367232,84.3258400697,27.1443197625,substation,None,,Ramnagar,
92360392,84.4609228066,27.1156495394,substation,None,,,
175142134,74.2988967592,24.609531332,substation,None,,Mangalwad,
225126610,73.8207540508,24.611062747,substation,None,,,
393517545,74.6746745296,24.6164757403,substation,None,,Nimbahera,
185327639,85.2417597224,24.7973404455,substation,None,,,
166046192,85.5217992474,24.8675918624,substation,None,,,
370523072,84.417785583,26.1594209011,substation,None,,,
308740463,81.7720833389,17.027552522,substation,None,,,
308740483,81.7765087739,17.0317018833,substation,None,,,
316463130,78.0109405791,21.3272937561,substation,None,,Morsi,
221135561,77.7740036816,20.9529282524,substation,None,,Amravati,
403397317,78.0090881276,29.2528737222,substation,None,,,
105373534,77.9186569028,29.0925200174,substation,None,,Mawana,
205942947,86.6604178909,24.4964238353,substation,None,,Deogarh,
205942948,87.2136918208,24.3299460297,substation,None,,Dumka,
324064293,87.3311755989,25.0323860324,substation,None,,,
380082344,75.3642173095,25.7378270133,substation,None,,Deoli,
193757952,75.1206327865,25.9940532006,substation,None,,Kekri,
308592327,81.6875783439,16.4346275985,substation,None,,Narsapuram,
308592341,81.8443350106,16.4626218948,substation,None,,,
309076141,86.4698854188,26.711099193,substation,None,,Lahan,
309085116,87.2750735795,26.572259151,substation,None,,Duhabi,
183894205,75.8607053667,29.3433388292,substation,None,,,
168075255,75.7943609123,29.3472532563,substation,None,,Kirori,
393038014,74.588134009,26.8109868786,substation,None,,Bagot,
174167136,74.7492953517,27.0317738948,substation,None,,Makrana,
174158340,74.8485097821,27.1586727844,substation,None,,Kuchaman,
99342536,82.7689536416,26.800178262,substation,None,,,
232224118,83.0578993407,26.7717098009,substation,None,,Khalilabad,
230472865,85.2171720477,20.8865119304,substation,None,,Chainpal,
201428230,85.0899294671,20.8498438886,substation,None,,Angul,
104677580,79.0384480441,28.77465768,substation,None,,Rampur,
104677639,78.7951363937,28.8217407096,substation,None,,,
310368973,80.2386060666,26.479049062,substation,None,,Panki,
100606979,80.2515182757,26.4526126877,substation,None,,,
101146171,79.9887383592,26.3605648729,substation,None,,Jainpur,
231271982,86.4845017882,21.0437147304,substation,None,,Bhadrak,
385132983,86.8903778668,21.5083202812,substation,None,,Balasore,
191322343,75.1013790324,23.6173621406,substation,None,,Jaora,
319865363,75.058759804,24.0853144306,substation,None,,Mandsour,
244365871,78.2193704794,18.5971369444,substation,None,,,
244365802,78.1166892674,18.6592169976,substation,None,,,
183169264,80.0782408806,16.2409270634,substation,None,,Narasarapet,
245226749,80.1890994607,16.1143302033,substation,None,,,
322354216,75.5371509092,29.6031979304,substation,None,,Aharwan,
125820395,75.4347407956,29.4967649776,substation,None,,Fatehabad,
184467710,76.2940892851,29.3182519325,substation,None,,,
168197466,76.2838229797,29.2458925393,substation,None,,,
125499801,75.9701324823,29.0901384527,substation,None,,,
242537722,81.9948249348,16.5803365873,substation,None,,,
268434305,76.5858789596,28.9151847026,substation,None,,,
112973668,76.9916612722,28.9507946304,substation,None,,,
161083918,76.578352322,28.9202755502,substation,None,,,
210276626,75.0660764386,31.514661659,substation,None,,Ekal Gada,
210276624,75.1835780114,31.5526538479,substation,None,,Butari,
210276629,74.7804796208,30.8694640826,substation,None,,Ferozshah,
124253718,74.6303863711,30.921690493,substation,None,,Ferozepur,
210276631,75.088228244,31.7575028229,substation,None,,Jayantipur,
210276621,75.2239894682,31.8382138514,substation,None,,Batala,
125096218,76.805163096,29.3854940655,substation,None,,,
259587456,76.8785359821,29.3978130566,plant,None,,Panipat Thermal Power Station,Haryana Power Generation Corporation Limited
125096219,76.6844772416,29.4091693535,substation,None,,,
125226261,76.4715604711,29.3638325468,substation,None,,,
243441949,77.947618388,17.6095960198,substation,None,,,
243441951,78.1477394765,17.5079738227,substation,None,,,
210540833,76.1231621855,30.8496554285,substation,None,,Ghulal Substation,
210624466,76.5350957009,30.9439913241,substation,None,,Ropar,
223725863,69.2648550022,22.0968445132,substation,None,,Bhatia,
295429737,69.7157728191,21.6997016406,substation,None,,Ranavav,
65497386,77.3428473001,28.5497006956,substation,None,,Noida IV,
65497406,77.3927448166,28.5328961809,substation,None,,,
330272302,76.8618187323,31.4126550781,substation,None,,Dehar,
330267956,76.8346113509,31.4234742687,substation,None,,Kangoo,
112976182,77.0488506661,29.3778689324,substation,None,,,
168216105,77.0462186752,29.3855061218,substation,None,,,
112976183,76.9965775416,29.4506296084,substation,None,,,
174172473,75.3987103939,28.1419724996,substation,None,,Jhunjhunu,
174194180,75.6448406079,28.2608452133,substation,None,,Chirawa,
195665290,81.296410808,24.4870092285,substation,None,,Rewa,
195665286,81.5504170614,24.648707561,substation,None,,Mangawan,
65497408,77.3792325024,28.6087092341,substation,None,,Noida VI,
66348531,77.3309780567,28.5846919686,substation,None,,Noida Sector 20,
94124352,85.2383633374,25.721190349,substation,None,,,
94124356,85.2352935175,25.7178607947,substation,None,,,
148851083,88.0076780278,22.8627815416,substation,None,,Tarakeswar,
148851095,88.1291101904,22.9279537107,substation,None,,,
148851068,87.7186479873,22.8881465476,substation,None,,Arambag,
96821770,85.770725771,25.8391510896,substation,None,,Samastipur,
203622725,92.7500360775,26.6694791033,substation,None,,Depota,
117506377,88.4404748818,26.7387336201,substation,None,,Siliguri,
148521305,88.4672681343,26.6537795711,substation,None,,NJP,
148886681,87.536008889,21.8775558724,substation,None,,Egra,
169288013,77.0491713389,29.2882568851,substation,None,,,
169365631,77.0121302669,29.2307032283,substation,None,,,
166377807,89.4528471419,26.345982593,substation,None,,Coochbehar,
322751263,89.1512577936,26.7018755545,substation,None,,Birpara,
201955666,79.7781288704,21.3360015008,substation,None,,,
221264663,79.6407603942,21.2300722678,substation,None,,Warthi Bhandara,
169288020,77.0697887932,29.1552257979,substation,None,,,
221054235,75.8068791112,21.0188907079,substation,None,50,Bhusawal,
221054237,75.8477516506,21.047177985,plant,None,,Bhusawal Thermal Power Station,
210276703,74.8327416235,30.5901183591,substation,None,,,
210276721,74.9118829454,30.6137155924,substation,None,,,
312339319,74.5286481661,30.479936101,substation,None,,,
125096292,76.6894926928,29.1320794954,substation,None,,,
418558309,75.1927105746,33.4830883404,substation,None,,Tether,
278887502,75.1183865888,33.6787656271,substation,None,,Mir Bazar,
418558312,75.1068746612,33.7207614024,substation,None,,Wanpoh,
316676461,75.1405642775,30.7807260812,substation,None,,Moga,
124272594,75.188377869,30.8223253194,substation,None,,Moga I,
115800434,76.8450896954,28.2149554961,substation,None,,,R.S.E.B Grid Station
115800437,76.866681576,28.192572165,substation,None,,Bhiwadi,
169591792,76.8005258759,28.1207682353,substation,None,,Khuskhera,
201955704,79.6734130785,21.1386055205,substation,None,,Kardha,
202180602,79.7250739937,20.8030914321,substation,None,,Asgaon,
131615099,76.1800549731,27.6828291196,substation,None,,Kot Putli,
174347724,76.3073678822,27.9074824213,substation,None,,Behror,
128417740,75.7669554527,27.7311097345,substation,None,,Neem Ka Thana,
148886678,87.663290893,22.7241372365,substation,None,,Birsingha,
148851071,87.3121415643,23.0850348209,substation,None,,Bishnupur 132000,
148886685,87.3488525857,22.43123225,substation,None,,Midnapur,
119401010,87.3137223041,23.1008509391,substation,None,,Bishnupur 220kV,
408042486,73.0922824636,29.0214107192,substation,None,,Gharsana,
174322962,72.6189220564,28.7196306168,substation,None,,,
218323338,78.4317058738,24.7419583476,substation,None,,Lalitpur,
423702241,78.5438591405,24.7250525838,substation,None,,,
423702250,78.7232601288,24.5740741247,substation,None,,,
201955731,79.3785395513,21.1633751832,substation,None,,,
201955697,79.3995762219,21.1796177681,plant,None,,Mouda Thermal Power Station,
439747276,75.0992184578,31.9453952105,substation,None,,Kotlisurat Mali,
210283729,75.2823946681,31.8160084618,substation,None,,Wadala Granthian,
131324314,76.3398955031,26.0132315671,substation,None,,,
131347340,75.7893749925,26.150891426,substation,None,,Tonk,
294418891,75.1299695454,20.2497092065,substation,None,,Kannad,
140469198,74.9838972463,20.4497049579,substation,None,,Chalisgaon,
385132969,86.8566705192,21.4997772549,substation,None,,,
232009494,86.7569543141,21.9281759558,substation,None,,Baripada,
192715749,76.0050069799,22.2498150479,substation,None,,Barwaha,
191477449,75.8859588635,22.6621838378,substation,220000,,Indore SZ,
161083844,76.4287165729,28.3599156192,substation,None,,,
315647794,76.6119545109,28.2792984137,substation,None,,,
29333959,72.6743693932,23.108652876,substation,None,,Ranasan,
138435963,72.7370546379,23.551137906,substation,None,,Vijapur,
29332376,72.7268107596,23.2297212227,substation,None,,,
29492754,72.5934838784,23.0715717796,plant,None,,Torrent Power,
131324363,76.3754322215,26.2508572212,substation,None,,Bhadoti,
193847182,75.9335176965,26.3990737433,substation,None,,Newai,
131324366,76.3304166039,26.6008572433,substation,None,,Lalsot,
131112795,76.3169839182,26.8962256989,substation,None,,Dausa,
182594004,77.3328859014,27.4574173074,substation,None,,Deeg,
182594008,77.280501942,27.6360017935,substation,None,,Kama,
174692830,75.001190946,25.2815072394,substation,None,,Beegod,
174692834,75.0868126718,25.1957140053,substation,None,,Mandalgarh,
175142156,75.0147047196,25.0447719673,substation,None,,Begun,
321600265,74.6224504906,24.9179194668,substation,None,,Chittaurgarh,
149250550,88.1048051605,22.2796906904,substation,None,,Falta,
149255380,88.2976317698,22.4490901745,substation,None,,Joka,
329654962,75.6553730688,20.3148923501,substation,None,,Sillod,
329654964,75.6060433471,20.5968763597,substation,None,,Soyegaon,
149250565,88.4222657076,22.4434265284,substation,None,,,
149250571,88.3929376544,22.5307868774,substation,None,,Kasba,
201488904,85.5539941897,20.6928473443,substation,None,,,
177572840,85.2909920238,20.8080537879,plant,None,,NVBL,
201428301,85.2526510538,20.8243498777,substation,None,,Meramundali,
316447856,73.2616835716,22.3663755923,substation,None,,Asoj,
28879927,73.1238473111,22.3882490759,substation,None,,Jawahar Nagar,
92599239,85.9100975036,26.0935463016,substation,None,,Darbhanga,Bihar State Electricity Board
166493768,86.0289068023,25.465204169,substation,None,,Begusarai,
149281603,88.5333495503,22.711621719,substation,None,,Barasat,
149281597,88.6292133884,22.8283216835,substation,None,,Ashokenagar,
149250749,88.5097570143,22.5037534589,substation,None,,,
161083916,76.1378495197,28.2732897968,substation,None,,Mohindergarh,
125691799,75.9607132732,28.380699353,substation,None,,Satnali,
161314011,76.1086959914,28.0607051554,substation,None,,Narnaul,
221054241,75.5834392257,20.9984534619,substation,None,50,Jalgaon I,
221054242,75.5957147088,20.9990764951,substation,None,50,Jalgaon II,
168197458,76.3113790279,28.9782249579,substation,None,,,
202842640,81.6890720284,18.9189610403,substation,None,,,
202842650,81.6619367208,18.9907538343,substation,None,,,
96369169,84.2405081097,25.263079172,substation,None,,Bikramgunj,
96330913,84.1847796345,24.942341855,substation,None,,Dehri,
175153867,74.885264366,24.4755775776,substation,None,,Neemuch,
175161225,74.896003002,24.464680331,substation,None,,Neemuch,
202842644,82.142566992,19.0690267126,substation,None,,,
202842622,81.9996081119,19.0785465776,substation,None,,Jagdalpur,
168513394,76.4163088447,30.0595139457,substation,None,,,
168197462,76.2493047045,29.9258048384,substation,None,,,
244365848,78.2794114921,18.06641683,substation,None,,,
244365884,78.1067772827,18.0503060491,substation,None,,,
259346906,76.9784737368,29.3481958676,substation,None,,Panipat,
125099804,76.848990859,29.2738777562,substation,None,,,
112973669,77.0616232508,29.0356112035,substation,None,,,
210645541,74.9899469012,27.2531279215,substation,None,,Chitawa,
229290322,74.9078817305,27.4069826183,substation,None,,Losal,
210645542,75.1771321386,27.2936526968,substation,None,,Danta,
210645549,73.9838530467,27.707382988,substation,None,,Tehandesar,
408030953,74.1234939045,27.5511330079,substation,None,,,
193910484,74.2908980929,27.8428406831,substation,None,,Bidasar,
210645550,73.9612363077,27.9526194197,substation,None,,Upani,
193910488,74.063762391,27.9691948379,substation,None,,Riri,
173960481,73.7508746675,27.1900168088,substation,None,,Nagaur,
279353907,76.9829705483,20.234089822,substation,None,,Malegaon,
329682137,77.3216732593,20.2944648198,substation,None,,Mangrulpir,
279353909,79.4563113075,18.7532445286,substation,None,,Ramagundam,
436970135,79.4598244198,18.7561910371,plant,None,,Ramagundam,NTPC
242776083,79.4467227649,18.7490971859,substation,None,,,
184154681,74.3160594238,29.632724314,substation,None,,Hanumangarh,
184083915,73.6158309222,29.6853896235,sub_station,None,,Padampur,
184150724,73.8776261104,29.3233221839,substation,None,,Suratgarh,
294201926,73.7432410817,19.9891641826,substation,None,50,Satpur,
220816407,73.7413123291,19.9590372688,substation,None,50,Ambad,
430555726,73.9755895915,26.9488154163,substation,None,,Kuchera,
174167137,74.1682220801,27.0167045745,substation,None,,Sanjoo,
140460624,74.2320839834,22.8300862599,substation,None,,Dahod,
140460558,73.6098310387,22.7599346595,substation,None,,Godhra,
92725846,85.5233164275,26.554063352,substation,None,,Sitamari,
323988815,85.391581457,26.1746471689,substation,None,,,
232072634,83.8403718385,25.8657167473,substation,None,,Rasra,
60064582,83.6516338008,26.025080245,substation,None,,Mau Kasara,
223448010,84.137310011,25.767883255,substation,None,,Ballia,
28813921,73.1911713639,22.2154208545,substation,None,,Gujarat Load Dispatch Center,
415856477,73.1441047503,22.3113939003,substation,None,,Gotri,
192490085,76.7121852162,23.4249900588,substation,None,,Shujalpur 220kV,
194108819,77.1893150259,23.3820080782,substation,None,,Shyampur,
195991259,81.380422565,23.2818195169,substation,None,,Shahdol,
395125076,81.6341575692,23.1643962897,generator,None,50,Amarkantak Thermal Power Station,Madhya Pradesh Power Generation Company Limited
221264657,77.3219769692,19.096599032,substation,None,,Nanded,
221410711,76.5259906017,18.8685794176,plant,None,,Parli Thermal Power Station,
293932633,77.5654780438,18.7588654243,substation,None,,Narsi,
221135465,78.0692391507,21.0880388824,substation,None,,Tivasa,
221264728,78.9682459336,21.1423424321,substation,None,,,
245492333,79.0907529515,13.1981287799,substation,None,,Chittoor,
400613302,78.5871287557,13.7550690685,substation,None,,,
319498869,74.6012047633,28.0823213824,substation,None,,Ratangarh,
184150723,73.8383018047,29.0605193136,substation,None,,Rajia-Sar,
126139922,74.9482879999,28.3053979984,substation,None,,Churu,
315824006,78.2683786776,15.1933826243,substation,None,,,
245128494,78.2295922612,15.3038761873,substation,None,,,
225181654,77.8298688898,23.5123794047,substation,None,,,
194108816,77.8063460855,23.3296258926,substation,None,,Raisen,
138340999,72.7575279519,22.2345956514,substation,None,,,
138336077,72.7531954996,22.2396340396,substation,None,,,
436970125,79.1488250797,18.4270203524,substation,None,,,
308802838,79.176813205,18.4540753408,substation,None,,,
99994267,81.7284166234,25.9296721668,substation,None,,Lalganj,
248000990,81.9569037815,25.8804330446,substation,None,,Pratapgarh,
126065310,75.3822251208,28.6296414616,substation,None,,Rajgarh,
174322941,74.7537595401,29.1805288935,substation,None,,Nohar,
205783716,85.2951300113,23.2923309745,substation,None,,,
205783687,85.2572887469,23.3302923093,substation,None,,Hatia,
202896205,81.723563112,21.637181555,substation,None,,Simga,
202180495,81.4146151526,21.2096591232,substation,None,,Bhilai,
192715757,76.1771507709,21.929059277,substation,None,,Chhegaon,
192715774,76.373793172,21.8346828744,substation,None,,Khandwa,
394682312,76.4876923562,22.0780784519,substation,None,,Moondi,
221543109,76.0142794024,18.5687312251,substation,None,,Kalamb,
221410731,76.4574989694,18.7481051563,substation,None,,Parli,
204421836,84.5907948768,22.2061980001,substation,None,,Rajgangapur,
150074183,84.8211401392,22.2148112562,substation,None,,Tarkera,
204421837,84.7714793155,22.3166891991,substation,None,,,
150074173,84.8247398751,22.2499235911,substation,None,,Chhend,Orissa Power Transmission Corporation Limited
241988306,82.2130043718,16.7502362831,substation,None,,,
362421136,82.2497767863,17.0162376385,substation,None,,,
376587385,90.3926500042,26.922564109,substation,400000,,Jingmeling,
376587383,90.4828682486,26.8642891251,substation,None,,BPC Office,Government
320833398,74.6696712722,23.9837917392,substation,None,,,
222370734,74.7740669414,24.0181535578,substation,None,,Pratapgarh,
245492458,78.576802733,13.3715832019,substation,None,,,
400613301,78.5055960475,13.5723478695,substation,None,,,
409563492,76.8798446246,18.5233266159,substation,None,,Chakur,
293887488,76.9230825584,18.702674946,substation,None,,Ahamadpur,
210414986,74.8520739973,32.757481364,substation,None,,,
312466163,74.8461758931,29.7538916073,substation,None,,,
125831043,75.0595425281,29.5566342932,substation,None,,Sirsa,
111461112,79.1968614149,26.7617531635,substation,None,,Bharthna,
392619952,78.9832185672,26.97522262,substation,None,,Saifai,
169288015,76.9119947929,29.3059773729,substation,None,,,
244894462,77.4966571147,16.4908494024,substation,None,,Makthal,
379565160,77.8118098794,16.2441434599,substation,None,,Gadwal,
418808578,74.8146076758,34.1513508382,substation,None,,Habak,
419055243,74.8140315344,34.2166492101,substation,None,,Alesteng,
221264653,77.141539836,19.3228123351,substation,None,,Basmat,
221264658,77.0421839401,19.1758594048,substation,None,,Purna,
221264655,77.1032550411,19.6925359682,substation,None,,Hingoli,
221264664,77.4010028653,19.5790911331,substation,None,,,
221264656,77.2171696477,19.4083177235,substation,None,,Kurunda,
172864984,71.711881212,25.2000743753,substation,None,,Gudamalani,
175330862,72.2670412565,24.9844220269,substation,None,,Bhinmal,
221410758,76.8069765057,19.2673621551,substation,None,,Parbhani II,
125403924,76.6801215002,29.7578398626,substation,None,,Rasina,
189301971,76.6446515389,29.6848330004,substation,None,,,
168216134,76.7647915949,29.689620104,substation,None,,,
122194722,75.6162826038,31.3189390124,substation,None,,Jalandhar I,
246106001,75.6386494518,31.5542185114,substation,None,,Bhogpur,
122194771,75.5072350344,31.4266523176,substation,None,,,
244894499,78.3305260759,16.7449380104,substation,None,,Midjil,
244894506,78.3513828696,16.4694931894,substation,None,,Nagar Kurnool,
139729704,70.4670249427,21.4821498633,substation,None,,Junagadh,
139591543,70.7864289748,21.9476468065,substation,None,,,
226739652,70.5389684208,21.0643879169,substation,None,,Talala,
285484509,74.6560618176,30.1959382689,substation,None,,Gidderbaha,
285484515,74.6617063834,30.0677090386,substation,None,,Badal,
125873263,74.924417,30.2360476173,substation,None,,,
312278290,75.2270553449,31.230009341,substation,None,,Sultanpur,
124245039,74.847384898,31.2614116207,substation,None,,Patti,
248570681,78.1538895345,20.3860039062,substation,None,,Yavatmal,
315492346,78.3221959052,20.1516460698,substation,None,,Ghatanji,
315492348,78.5381772324,20.0228827487,substation,None,,Padharkawada,
285484511,74.5381543991,30.4905867351,substation,None,,,
232029763,88.4411565138,23.9255193057,substation,None,,,
195439905,80.132110651,24.3021092869,substation,None,,Pawai,
195439906,80.5776050829,24.5489966412,substation,None,,Pawai,
400673617,78.4036048307,12.8713785467,substation,None,,,
400673630,78.3477501696,12.7380789096,substation,None,,,
220894048,74.5010155851,20.5604838016,substation,None,50,Malegaon,
220802585,74.4565981657,20.269666446,substation,None,50,Manmad,
284322659,76.5887989744,12.3399032453,substation,None,,Gally,
284322681,76.5870318281,12.384693618,substation,None,,,
202896232,82.0773815662,21.1588880635,substation,None,,Mahasamund,
202842624,82.0862339247,21.1039612042,substation,None,,Mahasamund,
202842625,81.908481297,20.9710721586,substation,None,,Rajim,
254834151,76.588673357,29.9490716343,substation,None,,Pehowa,
421635560,87.2586483075,22.3004236564,substation,None,,Kharagpur,
148886680,87.2944914915,22.3193198597,substation,None,,Hizlee,
220894068,73.7898084737,20.0531490994,substation,None,50,Mhasrul,
220894039,73.8909039583,19.9818383242,plant,None,,Nashik Thermal Power Station,
210415053,74.912233625,32.7590058982,substation,None,,Sidhra,
182393729,81.9856965445,26.756435904,substation,None,,Suhawal,
297523811,82.218312266,26.7476618948,substation,None,,Sarshan Nagar,
168224235,76.6718564023,29.8609109599,substation,None,,Kaul,
168224223,76.7390404704,29.7876874679,substation,None,,,
393053066,71.7052403184,27.2525419885,substation,None,,Ajasar,
173184280,70.9429961961,26.9204335721,substation,None,,Jaisalmer,
308274009,82.1281803363,17.0849044656,substation,None,,,
308596017,82.1894985173,17.2235826242,substation,None,,,
131108399,75.7220640088,26.8848648581,substation,None,,Jaipur,
330728340,75.6684175311,32.1716206082,substation,None,,Kandori,
226985826,75.8669849434,32.2860096494,substation,None,,Jessore,
326055781,72.6709501951,23.249915589,generator,None,,Gujarat Electric Board,Gujarat Electric Board
360554650,82.2312939367,23.221107631,substation,None,,Manendragerh,
248385296,82.2984865189,23.2084102746,substation,None,,,
183176099,78.579238803,14.5906955962,substation,None,,,
245128373,78.8373715045,14.477569406,substation,None,,Kadapa,
192156582,76.0160148269,22.945628012,substation,None,,,
386936757,76.027140942,22.9473900109,substation,None,,MSP,
221914611,73.9167173706,18.6686976063,substation,None,50,,
221914592,73.7735421667,18.6378918187,substation,None,50,Chinchwad,
118252469,88.1805102636,22.6515726713,substation,None,,Domjur,
118252470,88.0784397293,22.724794589,substation,None,,Jangipara,
342389789,87.7258926104,26.6559390427,substation,None,,Damak,
92994743,84.3840757322,25.7810736757,substation,None,,Dighar,
220933684,75.3446400676,20.6805293891,substation,None,50,Pachora,
336480201,78.1010138555,14.5117121337,substation,None,,,
336480190,78.2290539946,14.463561382,substation,None,,,
418808577,74.4334717269,34.2265624655,substation,None,,Delina,
418645221,74.5798741389,34.1105766597,substation,None,,Magam,
194119503,77.55774499,23.0754014603,substation,None,,Mandideep,
194119528,77.5534494697,23.0771775838,substation,None,,,
168618976,75.7370915487,28.8376846214,substation,None,,,
168618989,75.7113518962,28.7561836038,substation,None,,,
168618977,75.6168492618,28.61788464,substation,None,,,
125691797,75.8191549926,28.5820771755,substation,None,,,
294090236,75.7843339125,18.9870257375,substation,None,,Beed II,
205783721,85.2938190149,23.6424246158,plant,None,,Patratu Thermal Power Station,
125691796,75.9468955522,28.6311659381,substation,None,,,
373836882,92.5935677795,24.8726254777,substation,None,,,
373836905,92.5928683736,24.8669334114,substation,None,,Panchgram,
192715781,76.3961411802,21.4687253807,substation,None,,Nepanagar,
192716049,76.3160483367,21.2959023821,substation,None,,Badgaon,
210424844,74.8771386489,32.6768385239,substation,None,,,
210424841,74.9218505124,32.635018922,substation,None,,,
230495251,83.4618389352,20.7102573317,substation,None,,Balangir,
370771901,83.2208893478,20.1733917942,substation,None,,Kesinga,
230495252,83.4726473173,20.7325314173,substation,None,,Balangir new,
230495259,83.8892184659,20.8441066473,substation,None,,Sonepur,
140588056,77.5519557261,19.8961549003,substation,None,,Pusad,
315493713,77.7773931368,20.3041048983,substation,None,,Darvha,
140588066,77.5003691801,19.9541250685,substation,None,,Jambazar,
329682139,77.1616791583,20.1108655751,substation,None,,Washim,
93160489,87.4777489223,25.7594227595,substation,None,,Purnea,
165648301,86.5929851925,25.9001760712,substation,None,,Saharsa,
166505154,86.0256560074,25.3999640927,generator,None,,,
126665297,87.5583542072,25.5388969783,substation,None,,,
124245059,74.6892579543,31.3475143005,substation,None,,Bhikhiwind,
124237036,74.9205817875,31.4596558889,substation,None,,Tarn Taran,
174464060,76.6260766094,27.4062502931,substation,None,,Malakhera,
131108336,76.0118414205,27.0161854157,substation,None,,J.Ramgarh,
226985824,75.6506018178,32.2661389453,substation,None,,Pathankot,
210414977,75.5758558632,32.2674798985,substation,None,,Sarna,
118228034,86.946453391,23.7159925211,substation,None,,Asansol,
206009234,87.0470698094,23.7848312822,plant,None,,Crescent Power Limited,Crescent Power Limited
203011153,82.5275434948,22.2934894382,substation,None,,,
437012410,82.5263027732,22.2964373225,plant,None,,S V Power Private Limited Renki,ACB (India)
150957155,86.1179518832,22.801080835,substation,None,,Adityapur,
150957370,86.0904381392,22.8045002838,substation,None,,,
419320940,74.3300882285,33.3619318027,substation,None,,Rajouri,
419100855,74.422346316,33.2167260668,substation,None,,Kalakot,
174485010,75.8783543343,27.0038826917,substation,None,,Kukas,
131108320,75.9002809374,27.0291951225,substation,None,,Kukas,
125691758,75.8242125433,28.0831212225,substation,None,,Khetri,
225299568,73.0085574642,21.7094541025,substation,None,,,
225299602,73.0101004378,21.631050179,substation,None,,,
241951876,83.1872575254,17.9365353323,substation,None,,,
241951937,83.2183958556,17.760048966,substation,None,,,
220933685,75.6690117979,20.6980503494,substation,None,,Pahur,
242537661,80.4231558502,16.4015769971,substation,None,,,
97363096,84.9842137529,25.1872631485,substation,None,,Jehanabad,
92994753,85.1832495963,25.4997578022,substation,None,,,
148886708,87.2857425125,22.3805538957,substation,None,,,
92994738,85.3252368646,25.4991596604,substation,None,,Fatwa,
92994742,85.3861585745,25.4858437861,substation,None,,,
242537651,80.6333178284,16.2384159595,substation,None,,,
315823990,80.4551671667,15.8997393506,substation,None,,,
242537733,80.8162685679,16.0151935947,substation,None,,,
53726389,74.9004219943,31.5498979251,substation,None,,Balachak,
124237064,74.8606598825,31.6125568345,substation,None,,,
124237074,74.7752359699,31.628675173,substation,None,,N-Garh,
124237033,74.9092180852,31.6518743676,substation,None,,Verka,
128347337,75.645341359,27.2538629213,substation,None,,,
208635577,75.5484614605,27.3851218842,substation,None,,Reengus,
360424784,77.2636459758,23.7124583654,substation,None,,Runaha,
194108812,77.3310247408,23.3196548046,substation,None,,Bairagarh,
125783259,76.1799724131,29.784393936,substation,None,,Dhanauri,
168197444,76.0599794188,29.5640810517,substation,None,,Dablain,
128347357,75.1268415585,27.6317237474,substation,None,,Sikar,
313573275,75.2604043913,27.869136018,substation,None,,Nawalgarh,
161314044,76.1585624611,28.0292919203,substation,None,,,
161314046,76.1180287631,27.8914331703,substation,None,,,
192617729,76.723141033,22.6775103948,substation,None,,Kannod,
192617725,76.7112812958,23.0327189034,substation,None,,Ashta,
206485498,73.7814417258,18.5969461977,substation,None,,,
173184296,70.8742921597,26.9409750453,substation,None,,Amarsagar,
173217215,70.5349358334,27.3357616654,generator,None,,Ramgarh,
221054234,75.8437737387,21.0475683883,substation,None,50,Bhusawal,
221054239,75.3086167878,21.2458059307,substation,None,50,Chopda,
140465705,75.0889617591,21.0377936396,substation,None,50,Amalner II,
229709838,74.3769255627,26.0816372546,substation,None,,,
311176518,75.8688880795,28.9157828849,substation,None,,,
183924258,75.971493401,28.8721165991,substation,None,,,
168513421,76.9409713368,29.8339902338,substation,None,,,
125150829,77.0079743869,29.7130414049,substation,None,,,
311797101,75.5573519072,27.3802708445,substation,None,,,
168513428,76.7270062017,30.0718455961,substation,None,,,
168513275,76.8045482196,30.0165382231,substation,None,,,
138479050,72.40052078,23.6142328304,substation,None,,Mehsana,
194108815,77.4385727363,23.2548733743,substation,None,,Bhopal,
194119510,77.4993261947,23.2125235234,substation,None,,,
221410714,76.7337421591,19.7188916994,substation,None,,Yeldari,
294090239,76.3911230847,19.6659034914,substation,None,,Mantha,
295429736,72.1318976635,23.8422353036,substation,None,,Patan,
28753324,81.8820802484,25.3641176203,substation,None,,Meja Road,
28589564,81.8367368212,25.3669181221,substation,None,,Rewa Road,
125820342,74.8518764016,29.5237620539,substation,None,,,
125820343,74.9280674623,29.4310079101,substation,None,,,
125820344,75.4340927053,29.500149624,substation,None,,Fatehabad,
221511652,76.4328942645,19.2781912171,substation,None,,Pathri,
193910489,74.1807401315,29.9149965797,substation,None,,Sadulshahar,
138454476,72.95574885,23.3525128856,substation,None,,,
138454497,73.0231873201,23.5799662986,substation,None,,Agiyol,
149067341,88.5388867638,22.8831718433,substation,None,,Jeerat,
149067340,88.5042781359,22.9356546319,substation,None,,Dharampur,
168224229,76.8442653382,29.7561086232,substation,None,,,
174322940,73.7246131923,28.4830763658,substation,None,,Loonkaransar,
126895703,73.376925908,28.0184449018,substation,None,,Bikaner,
125820403,75.4877955353,29.2833193588,substation,None,,,
131108342,75.7570185721,26.797146075,substation,None,,Sanganer,
126139921,75.0891897191,28.2452984691,substation,None,,Bissau,
245323013,78.7480027317,13.9918083402,substation,None,,,
245323048,78.7405747027,14.1089158512,substation,None,,,
225498448,74.8374293743,21.196125815,substation,None,50,Nardane,
161130280,76.5712666311,28.6965308007,substation,None,,Beri,
168216114,76.791965478,29.4921106707,substation,None,,,
168216130,76.9146797306,29.5702331462,substation,None,,,
168216122,76.9334559247,29.6988674385,substation,None,,,
168216127,76.9977470569,29.3490772936,substation,None,,,
148270927,88.2726689233,24.0827765847,substation,None,,Baharampur,
177337927,76.2164395733,31.075339051,substation,None,,,
177337985,76.5581806162,31.2052340641,substation,None,,,
193910491,76.755436823,26.3500195192,substation,None,,Sapotra,
400613306,78.3400347064,13.7334529024,substation,None,,,
193910412,77.285169377,26.9294669747,substation,None,,Bayana,
305864381,88.2463716959,24.3945825286,substation,None,,,
191477513,75.8977061545,22.7496345089,substation,None,,Satya Sai Substation,
225181651,74.7504634911,26.2862135843,substation,None,,Nasirabad,
168513415,76.8250071538,30.0141078745,substation,None,,,
161130282,76.2348289509,28.6059816345,substation,None,,Chakhi Dadri,
161130285,76.4751836165,28.4025295444,substation,None,,Kosli,
125691798,76.1031056828,28.5909173342,substation,None,,Atela,
226985830,75.977288098,32.5671919931,substation,None,,Bathri,
122316745,75.6660290345,31.8890777052,substation,None,,Mukerian Hydel Project IV,
161130387,76.4540746903,28.2602952358,substation,None,,,
125222832,76.6148785391,28.2148186487,substation,None,,,
125691803,75.9434247353,28.5163008313,substation,None,,,
312774572,75.3238460569,29.5935221018,substation,None,,Bhattu Khurd,
312774587,75.4351107136,29.6947870561,substation,None,,Hukmawali,
122316776,75.7146709003,31.9549259619,substation,None,,Mukerian Hydel Project III,
122316777,75.7407478133,31.9624401468,substation,None,,Mukerian Hydel Project II,
202180566,78.920732158,20.6132665223,substation,None,,Jam,
202180594,78.7980096393,20.537264734,substation,None,,Hinganghat,
202180604,79.8482715321,20.6213947809,substation,None,,Brahmapuri,
439700097,75.1500183954,31.391723506,plant,None,,Goindwal Sahibthermal Powerplant,
122194733,75.6089459263,31.243924028,substation,None,,Jamsher / Jalandhar II,
210624526,76.2454405357,30.1704097462,substation,None,,,
124855874,76.3582559235,30.3652123878,substation,None,,,
86654991,77.5424022093,28.5148320533,substation,None,,Greater Noida,
170566399,77.3938029963,28.5034210702,substation,None,,Noida Sector 129,
230905859,83.4386337358,19.3312698512,substation,None,,Therubali,
230905847,82.8558278057,19.4250817859,substation,None,,Indravati,
88109076,84.6439396541,25.5263026907,substation,None,,Arrah,
92994747,85.0176328665,25.5799023378,substation,None,,Khagaul,
171687612,77.0571268796,28.7994325108,substation,None,,,
166301720,84.2244759001,24.877482596,substation,None,,Sonenagar,
166069899,84.9615874779,24.7061057215,substation,None,,Bodhgaya,
329654959,75.4704686475,20.1180819155,substation,None,,Phulambri,
140527556,75.3400882898,19.952112164,substation,None,,Savangi,
125403164,76.4129960797,29.7280704734,substation,None,,,
56860702,78.0823154425,9.90581627827,substation,None,,Madurai,
310834703,77.3265602383,10.5955103415,substation,400000,,Udumalpet,
309572245,77.9682494117,9.9212949739,substation,None,,Madurai (Cheackanurani),
355557513,75.9606506897,16.5677130447,substation,None,,,
174647330,75.8016439868,23.8217008105,substation,None,,Barod,
125493294,75.964198714,29.2333119339,substation,None,,,
279472178,77.422012432,12.7761785257,substation,None,,Bidadi,
279393096,77.4050143757,12.7985495145,substation,None,,Bidadi,
172960435,73.0076931397,26.2133801334,substation,None,,Jodhpur,
172983763,72.939445022,26.1610264688,substation,None,,Boranada,
319469620,78.4287880653,25.7059262532,substation,None,,Datia,
423702258,77.2759640357,24.6286293998,substation,None,,Guna,
349419574,78.0813549608,16.3695892515,substation,None,,Wanaparthy,
244894482,77.9341222103,16.4614868306,substation,None,,Veltoor,
250771511,75.3826361163,16.2943426546,substation,None,,Vajramatti,
103956540,79.3662435581,28.4246721237,substation,None,,C.B. Ganj,
103956588,79.4565491572,28.5488493735,substation,None,,Bareilly (PGCIL),Power Grid Corporation of India Ltd
279472191,77.6578545661,12.8742548131,substation,None,,Naganathapura,
242295232,77.5056455714,12.7843884532,substation,None,,Somanahalli,
102754374,83.7539491159,26.4822046216,substation,None,,Deoria,
96689715,83.5051624809,26.6848169559,substation,None,,Gorakhpur,Uttar Pradesh Power Corporation Limited
255538873,72.2708826939,23.0084025804,substation,None,,Nano,
225010071,72.0594882463,23.1095770011,substation,None,,Viramgam,
174484971,77.0430668785,26.8295646243,substation,None,,Hindaun,
182594003,77.5216600988,27.2379677853,substation,None,,Bharatpur,
125159521,76.9970435273,28.6141577595,substation,None,,Najafgarh,Delhi Transco Limited
63724935,77.018983816,28.5483309994,substation,None,,Bamnauli,
161130359,76.9612456945,28.4996492723,substation,None,,,
130302053,76.8864092705,30.6609240684,substation,None,,,
177337954,76.8194696999,30.9405878867,substation,None,,Baddi,
168513412,76.9480205508,30.3006586883,substation,None,,Tepla,
174002282,74.0413671749,26.6646880875,substation,None,,Merta,
193681213,73.5130414143,26.6945300813,substation,None,,Bhopalgarh,
124121447,75.9808428402,30.8366222656,substation,None,,Railway Sub Station (220 KV),
45943270,75.9570686684,30.8184982245,substation,None,,Sahnewal,
436970134,79.4493751754,18.7678851134,plant,None,,Ramagundam B,Telangana Power Generation Corporation
230495257,83.8670323812,21.693778031,plant,None,,IB Thermal Power Plant,
336571753,78.0307149065,11.655031562,substation,None,,,
136558034,77.339048551,16.3690467311,plant,None,,Raichur Thermal Power Station,Karnataka Power Corporation Limited
244894498,77.7054586141,16.3312255048,substation,None,,Jurala,
256638655,74.8607028741,12.9256085448,substation,None,,Kavoor,K.P.T.C.L. (MESCOM)
242749566,80.0418970011,18.437083295,substation,None,,,
242702072,79.7489913922,18.1574958137,substation,None,,,
250565702,75.8861575447,16.3271195452,substation,None,,Almatti,
250565818,75.7266660644,16.3979520479,substation,None,,,
250565837,75.7608980601,16.433612112,substation,None,,,
250423669,76.5137967927,16.1697244839,substation,None,,Lingasugur,
336535480,77.1917415393,11.1268653967,substation,None,,,
255035571,74.1516391033,30.5602084897,substation,None,,,
193216698,78.2572009323,24.2147308272,substation,None,,Bina PGCIL,
137573354,77.670532558,25.4786207843,substation,None,,Shivpuri,
125418657,76.0919164257,28.8718723405,substation,None,,Bhiwani(BBMB),
319865364,75.6237185719,24.8784414526,plant,None,,Rajasthan Atomic Power Station,
378259672,80.0271042316,15.5032014749,substation,None,,Ongole,
242291926,80.5410373296,16.5980279186,plant,None,,Dr Narla Tata Rao Thermal Power Station,
187980837,77.0696938066,28.6013530672,substation,None,,Dwarka II (Sec-4),
280482854,77.5829666837,13.0453047169,substation,None,,,
280482861,77.581260398,13.0258185094,substation,None,,CPRI,
280482830,77.5823257871,13.030479353,substation,None,,Hebbal,
386182103,77.5808913243,13.0505696213,substation,None,,,
203167975,83.3700913423,21.9072508467,substation,None,,Raigarh,
353914770,83.4508526975,22.1040384612,plant,None,,Tamnar Power Station,
231258344,86.0086052781,20.9395178237,substation,None,,,
231258313,86.0489822979,20.9623654981,generator,None,,,
176492791,77.2341589157,28.5910496251,substation,None,,,
70258959,77.266435778,28.5874700221,substation,None,,,Power Grid Corporation of India Ltd
169377151,76.8699266676,30.1057052645,substation,None,,,
151103743,84.9932845963,21.2760226263,substation,None,,Rengali (O),
151103744,84.9892255218,21.2783203451,substation,None,,Rengali (PG),
243441921,78.1490415551,17.4548493001,substation,None,,,
243231112,78.3881076063,17.2143326816,substation,None,,,
192772365,75.4542052957,22.1198214153,substation,None,,Nimrani,
210276634,75.0241346853,31.424757766,substation,None,,Rashiana,
210540830,76.469798668,30.4272290869,substation,None,,Bahadur Garh,
210540832,76.0270811749,30.7926346928,substation,None,,Doraha,
210540834,76.3135257722,30.6306892768,substation,None,,Gobindgarh,
124121464,75.8759591412,30.5541430909,substation,None,,Matler Kotla,
210624446,76.5677690587,31.0425311987,plant,None,,GGSSTP Ropar,
210540835,76.2790169879,30.6726039458,substation,None,,Gobindgarh II,
193712859,72.8334756237,24.8668976336,substation,None,,Sirohi,
195459364,80.7460953423,24.2392166428,substation,None,,Maihar,
195142200,80.3543515438,23.8777807544,substation,None,,Katni,
183169318,81.2591974841,16.8238841786,substation,None,,,
323515668,81.8011801588,16.9623881568,substation,None,,,
243441962,78.4863345891,16.6713564874,substation,None,,Kalwakurthy Substation,
243441904,78.6727893773,16.6147965641,substation,None,,,
244894456,78.0251541455,16.715036941,substation,None,,Mahabunagar,
125096237,76.8789349957,29.3954979226,substation,None,,,
136727944,79.4384427796,11.559932979,substation,None,,,
340479254,78.8927290595,11.2388073589,substation,None,,Perambalur,
136727943,79.4422700512,11.5549384088,generator,None,,,
116521275,87.8270152036,25.8833197282,substation,None,,Dalkola (PGCL),
116541252,88.4195739627,26.6763416675,substation,None,,,
87834941,83.207244443,26.0878056816,substation,None,,Azamgarh,
87418464,82.6606600585,25.7387927892,substation,None,,Jaunpur,
279472181,78.0666326778,13.3824286755,substation,None,,Chintamani,
126688582,78.1166569376,13.1759911362,substation,None,,Kolar HVDC Converter station,
421163739,78.1389136681,27.8591646816,substation,None,,,
27358869,78.0386678028,27.2644533943,substation,None,,,
111461202,79.0303245768,27.2123897362,substation,None,,Mainpuri,
185016654,77.9746009765,28.7594229529,substation,None,,Simbholi,
104567860,78.4082368207,28.1564597703,plant,None,,Narora Atomic Power Station,
354250467,81.3925779804,19.1368894464,substation,None,,,
202842619,81.3965447376,19.1389676654,substation,None,,Barsoor Static Inverter Plant,
201845436,79.1229928683,21.2724904173,substation,None,,,
128552630,79.1187107392,21.2785917609,plant,None,,Khaparkheda Thermal Power Station,
124121446,75.7850394277,30.8373578751,substation,220000,,Lalton Kalan,PSPCL
124654913,75.5052828882,30.3365815699,substation,None,,Barnala,
124121484,75.9281266899,30.8799048572,substation,None,,,
124272574,75.474688809,30.8195524009,substation,None,,Jagraon,
124121469,75.7820598346,30.8219736035,substation,None,,,
372701897,75.1459201465,30.784093169,substation,None,,Moga,
251260525,76.3223205011,15.2960833532,substation,None,,Lingapur,
124751584,75.8413982503,30.3937403517,substation,None,,Dhuri,PSEB
149063484,88.3198286919,22.743661345,substation,None,,Rishra,
115800449,76.9493255241,28.3696115386,substation,None,,Manesar,
225181670,72.4000366585,23.2032210807,substation,None,,Vadavi,
138371670,71.8406204499,22.5718000993,substation,None,,Chorania,
122463445,75.9135269341,30.8971404836,substation,None,,,
337856910,77.5998415783,11.5669482031,substation,None,,,
193194772,76.3186974845,25.1800247334,generator,None,,Anta,
146252188,72.9140213233,20.3859390446,substation,None,,Vapi,
331315745,72.902315983,20.2705713112,substation,None,,Bhilad,
201955745,79.8879802238,21.4408951739,substation,None,,Kaulwada,
94568892,77.3120887841,28.3315002583,substation,None,,,
172701685,77.3077694697,28.5050359239,plant,None,,Badarpur Thermal Power Station,
256774590,76.4287933338,14.2154429429,substation,None,,Chitradurga Sub Station,KPCL
255777527,75.9253901528,14.4338850456,substation,None,,,BESCOM
96821699,85.5130161403,25.1678986166,substation,None,,,
96821783,85.50940762,25.1628610994,substation,None,,Bihar Sharif,Power Grid Corporation of India Ltd
161083846,76.2514501393,28.3602061669,substation,None,,Dhanuda,
161443379,76.2023046065,28.5024018444,substation,None,,,
257567137,76.3263767469,29.6936994649,substation,None,,,
222687692,73.6629915102,19.8225063166,substation,None,50,R. Steel,
222205414,73.1877854388,19.36164786,substation,None,,Padghe,
182594005,77.8746057236,26.6971757419,substation,None,,Dholpur,
342204888,79.2448736567,13.043067993,substation,None,,,
228406261,76.861422885,29.9642532753,substation,None,,,
168513426,77.2638759828,30.1799253167,substation,None,,Khera,
168513413,76.7929459714,30.3993586739,substation,None,,Dhulkote,
141449692,73.1450712033,21.6615028023,substation,None,,Jhagadia,
141449698,73.1442270377,21.6652359511,substation,None,,,
254726629,78.0984810244,14.7086831258,substation,None,,,
254726642,78.1656763765,14.7617916585,substation,None,,,
393517546,74.5717183695,24.7475996722,substation,None,,Sawa,
370495317,73.8373665305,15.8555990544,substation,None,,Sawantwadi,
309492156,77.7711777731,8.88865702276,substation,None,,,
149255383,88.4582693316,22.4035523177,substation,None,,,
126128654,75.3421051318,28.070756007,substation,None,,Jhunjhunu,
396096017,86.9192253847,23.6801807832,substation,None,,,
118228091,86.9172461025,23.6880503711,substation,None,,,
342136809,79.0390729857,12.2047774721,substation,None,,Tiruvannamalai,
244365844,78.3620206725,18.2915112884,substation,None,,,
243008550,78.774385007,17.870160005,substation,None,,Gajwel,
201845279,78.6068639505,20.7286004388,substation,None,,Wardha I,
146235146,73.0230974605,20.3862769105,substation,None,,Vapi,
331315746,72.8601672023,20.3896576386,substation,None,,Magar Vada,
201845294,79.0953828895,21.2471921564,substation,None,,,
201845318,78.6280624733,20.7063579949,substation,None,,,
244365832,78.237987123,18.6292739185,substation,None,,,
294715961,74.1725321422,18.264106344,substation,None,,Jejuri I,
294763737,74.1965802226,18.0460645671,substation,None,,Lonand,
221640118,74.5015136065,18.4100330653,substation,None,,Kurkumb,
100420179,80.5586333549,26.581142321,substation,None,,,
100470285,80.5498776341,26.5665290275,substation,None,,Unnao,
221135447,76.2415501411,20.3522638937,substation,None,,Chikhali,
140578644,75.844210809,19.8584314278,substation,None,,Jalna II,
319498868,74.6003044317,28.0932214013,substation,None,,Ratangarh,
293597833,75.8793702952,17.7060245777,substation,None,,Solapur II (Bale),
241951853,83.134196623,17.6404359522,substation,None,,Vizag B2B HVDC Station,
241951885,83.2283016825,17.8294013681,substation,None,,Pendurthi,
285541010,76.1931149718,12.9919325607,substation,None,,Hassan,
284322654,76.5637501868,12.3713385677,substation,None,,Bastipur,
309304127,78.0979480162,8.81424393484,substation,None,,,
385432381,78.1085143208,8.86609554384,generator,None,,,
323713955,78.6447662357,10.7885714049,substation,None,,,
140460706,74.8129651102,20.9330876705,substation,None,50,Dhule,
225498483,74.5443235642,21.3303363242,substation,None,50,Dondaicha,
353837740,68.6758496768,23.4149654839,substation,None,,Jamanwada,
193652002,69.2979460544,23.3315097331,substation,None,,Nakhatrana,
139729583,70.6386797528,21.7842967657,substation,None,,Jetpur,
170441406,77.2933968717,28.1563435431,substation,None,,Palwal,
247861054,76.9595181296,27.8169246735,substation,None,,Rangala Rajpur,
131109568,76.0598482698,26.811921662,substation,None,,Bassi,
222182100,73.2290799796,19.200121822,substation,None,,,
172954331,72.2368507559,25.8057345798,substation,None,,Balotra,
173212580,71.2552979333,26.0456471997,plant,None,,Giral Lignite Power Plant,
169624302,77.7176065073,27.4312594537,substation,None,,,
111558288,78.0496721123,27.5589008249,substation,None,,Hathras,
245128513,78.4565165586,14.7026327036,plant,220000,50,Rayalaseema Thermal Power Station,Andhra Pradesh Power Generation Corporation
244894472,77.7088236549,16.3210035492,substation,None,,Jurala Switching Station,
206082825,80.237767999,17.3663052375,substation,None,,,
308319903,80.6943465948,17.6192186834,plant,None,,Kothagudem Thermal Power Station,
308319900,80.666257421,17.5744086194,generator,None,,,
242537724,79.5469803382,16.8350181404,substation,None,,,
204532941,78.8568977933,17.5434488387,substation,None,,,
284209930,76.9383875696,11.9504492675,substation,None,,Chamarajanagara,
284189644,77.1805786463,12.1407905756,substation,None,,Madhuvanahally,
284322669,76.667396368,12.2033319306,substation,None,,Kadakola,
316685067,75.1502405337,32.9348417099,substation,None,,Udhampur,
285484524,75.1359843968,32.7812651085,substation,None,,,
322751262,89.1506207883,26.7049989395,substation,None,,Birpara,
116541259,88.4660341574,26.6503187568,substation,None,,Binaguri (PGCL),Power Grid Corporation of India Ltd
122194721,75.4775535201,31.1790987559,substation,None,,,
122194775,75.6755630624,31.8206064751,substation,None,,,
429967366,77.8157065283,11.7743241271,plant,None,,Mettur Thermal Power Plant,
160572220,69.4840508397,22.9039275028,substation,None,,,
221914601,74.0468842207,18.5176079268,substation,None,,Theur,
150074172,84.8968902141,22.2366457937,substation,None,,Rourkela,Powergrid Corporation of India LTD.
255542092,72.6562350729,21.1623622044,substation,None,,,
255542091,72.6551167754,21.1644985409,substation,None,,,
310313886,80.2415565551,26.477128859,plant,None,,Panki Thermal Power Station,
309279886,78.1467882372,8.73969524696,substation,None,,,
309279898,78.1467030905,8.74319569089,substation,None,,,
124560219,75.3569623062,30.5506861018,substation,None,,,
124655029,75.1703656396,30.2627234034,plant,None,,Guru Hargobind Thermal Plant,
285541018,75.9649007399,12.4571196035,substation,None,,,
279393125,77.3967441267,13.0867218823,substation,None,,Nelamangala,
281456152,77.5527330549,13.2998359843,substation,None,,,
323713912,78.6127397725,10.6927266193,substation,None,,,
301278084,76.9191878792,30.4886643555,substation,None,,,
210624469,76.9489577956,30.5851959231,substation,None,,,
340697999,79.2172021309,11.3499507993,substation,None,,,
162446230,75.7769075996,29.1263436833,substation,None,,,
310524843,76.3720637352,9.99540999934,substation,None,,Brahmapuram 220kV Substation,Kerala State Electricity Board Limited
370027510,76.408570789,10.0281407516,substation,None,,Kochi,
193910485,73.4374914089,28.0435489766,substation,None,,Bikaner,
104805106,74.0176268747,29.1711184697,plant,None,,Suratgarh Super Thermal Power Plant,Rajasthan Rajya Vidyut Utpadan Nigam Ltd
316186939,77.8133625891,12.727895866,substation,None,,,
102546589,80.3280834374,13.2505576012,plant,None,,North Chennai Thermal Station,
26653942,83.0762438368,25.289826514,substation,None,,Sahupuri,
140469199,74.9812782703,20.4458288583,substation,None,,Chalisgaon,
221054236,75.8507781971,21.0463587235,substation,None,50,Bhusawal,
255614799,75.3899156809,14.8009663392,substation,None,,Haveri,
193982809,77.4360558625,26.2594120391,substation,None,,,
168618988,73.921687872,29.8599460568,sub_station,None,,Udyog Vihar,
192715779,76.5362729159,22.1029839643,generator,None,50,Shree Singaji Thermal Power Project,Madhya Pradesh Power Generating company limited
174322937,76.6237941285,27.5508247714,substation,None,,Alwar,
294013942,79.0183875417,20.2330489557,substation,None,,Warora,
101962605,79.2912881379,19.9998510501,plant,None,,Chandrapur Super Thermal Power Station,
122316779,75.9433271149,31.9696314752,substation,None,,Pong,
243008537,78.5816296281,17.5364033625,substation,None,,,
169315365,82.0177234602,18.0362257666,substation,None,,,
241951895,83.2081231273,17.6934591059,substation,None,,,
118228033,86.8334370066,23.7793026951,substation,None,,,
117580758,86.1246092543,23.7378886504,plant,None,,Chandrapura Thermal Power Station,
118228036,86.8707826099,23.8224728582,substation,None,,Maithon PGCIL,
118746349,87.1356014298,23.4616523115,plant,None,,Mejia Thermal Power Station,Damodar Valley Corporation
308985207,86.4720383514,23.8530219874,substation,None,,,
220802573,74.508389693,19.6017038165,substation,None,50,Bableshwar II,
220802574,74.4907382192,19.6198043286,substation,None,50,Bableshwar I,
210276623,74.9735032791,30.4571808426,substation,None,,Bhaja Khana,
150791263,83.8951959981,21.4658498916,substation,None,,Katapalli,
231258321,83.906804617,21.5292664866,generator,None,,,
337239209,77.0066967716,11.2971045403,substation,None,,,
225299565,72.8650712195,21.1961750822,substation,None,,,
146657606,72.9882952135,21.342626336,generator,None,,SUGEN Mega Power Plant,
195777669,81.0440336012,23.3497940203,substation,None,,Birsingpur,
195777815,81.0648006193,23.3057399235,plant,None,,Sanjay Gandhi Thermal Power Station,
192156833,76.081266121,22.9693070248,substation,None,,Dewas,
192617726,76.700964184,23.0739713345,substation,None,,Ashta 220kV,
242291888,80.6724187336,16.5217160366,substation,None,,,
242291912,80.6826085046,16.5645801824,substation,None,,,
124237058,74.8935089431,31.5407045075,substation,None,,Balachak,Powergrid
241951935,83.1690356107,17.626647595,substation,None,,,
241951867,83.1960288028,17.6044615742,plant,None,,,
242291919,80.5555296866,16.6394011887,substation,None,,,
63984852,77.2481442828,28.3907290416,substation,None,,Palli,
38108841,77.105005923,28.4181701186,substation,None,,,
124272599,75.8250700041,30.2306916856,substation,None,,Sangrur,
232029756,88.3290857201,22.1144557047,substation,None,,,
294763736,73.7063748527,18.587878919,substation,None,,Hinjewadi,
221914670,73.7373601855,18.58577964,substation,None,,,
201428197,85.7075803907,20.2789614322,substation,None,,Mendhasal,
201481858,85.8113797819,20.3554352831,substation,None,,Chandaka,
201481964,85.8464351342,20.4712641731,substation,None,,,
340479211,78.407084024,11.6382657947,substation,None,,,
124237067,74.7098877738,31.6182030126,substation,None,,Khasa,
242537736,81.4785219437,16.5787793632,substation,None,,,
323515677,81.8059584815,16.9421127712,substation,None,,,
122451728,74.7668116107,14.2356499473,substation,None,,,
201428299,81.8613069141,16.9335557009,substation,None,,,
67195450,75.8148446863,25.1712507274,plant,None,50,Kota Thermal Power Station,Rajasthan Rajya Vidyut Utpadan Nigam
242167537,81.6776522779,16.9288001176,substation,None,,,
295482053,73.1982092571,27.8461048272,plant,None,,Barsingsar Thermal Power Station,Neyveli Lignite Corporation
225181649,73.4288378858,26.9798832079,substation,None,,Kheenvsar,
128739535,68.7801510825,23.6613903353,generator,None,,Pananohor,
294763741,74.0431603693,17.6682637827,substation,None,,Satara MIDC,
294763743,73.8547432546,17.5217239431,substation,None,,Vankushwade,
29355337,72.650914826,23.0403834687,substation,None,,,
201481936,84.582862779,19.86669045,substation,None,,,
90989998,85.1931787879,20.8525009061,generator,None,,NALCO,
151113257,85.0749332779,21.09482984,plant,None,,Talcher Super Thermal Powerstation,
241988305,82.313425088,17.0641592122,generator,None,,,
195116427,79.8725258897,23.2036468486,substation,None,,Jabalpur PGCIL,
195665295,81.840278284,24.3582452765,substation,None,,Sidhi,
197202067,82.4547207828,24.2238476717,plant,None,,Bargawan Coal Power Plant,Hindalco Industries Limited
331427466,72.7589818453,19.7801623242,substation,None,,Boisar,
331427518,72.6680003059,19.8329465452,plant,None,,Tarapur Atomic Power Station,
92071338,80.8667706879,26.8883898499,substation,None,,Hardoi Road,
100104179,80.8558016942,26.7470696891,substation,None,,Lucknow SJN,
221914595,74.2850585897,18.7895599199,substation,None,50,Ranjangaon,
221914645,74.281277529,18.7884583081,substation,None,50,,
312325608,75.5200395117,31.2013771768,substation,None,,,
215586305,73.9373868827,18.5228055504,substation,None,,,
235294218,79.0080546019,21.0378333147,substation,None,,,
201845422,78.9344583539,21.037331517,generator,None,,,
140527585,75.2879145264,19.8916226221,substation,None,,Padegaon,
368627231,75.9329917679,30.3002066137,substation,None,,,
124786307,75.5719660439,30.297105604,substation,None,,,
124786354,75.7908736079,30.1433438785,substation,None,,Sunam,
30789370,79.9970733272,13.0026838875,substation,None,,,
168513307,77.0015484849,29.9515775734,substation,None,,,
220802643,75.4763930959,19.8680439691,substation,None,,Shendra,
140527511,75.2020480817,19.8520103571,substation,None,,Aurangabad IV,
251092968,74.6167471896,15.2774779098,substation,None,,Ambewadi,
124786267,75.4016995585,30.0449768122,substation,None,,Mansa,
251260519,76.2861767916,15.3626498266,substation,None,,Guddadahalli,
168513427,76.9368809305,29.8749108827,substation,None,,,
251260542,76.3298901087,15.2666272561,substation,None,,,
194174599,77.7216445581,22.7330943066,substation,None,,Hoshangabad,
194174601,77.7953460304,22.5865467387,substation,None,,Itarsi PGCIL,
201845360,78.9335354715,21.0392189088,substation,None,,,
38108840,77.0822923475,28.4470038049,substation,None,,,DHBSL
170084068,77.0332884523,28.4024697335,substation,None,,Badshapur,
247697068,76.7746763692,28.2307120108,substation,None,,Mau,
256638644,74.8044450943,13.1598374884,substation,None,,UPCL,
436970101,82.6255361422,22.4659593244,substation,None,,,
203167965,82.6818376339,22.4136313257,plant,None,,Hasdeo Thermal Power Station Korba West,
309138384,77.7517793087,8.25440371516,substation,None,,,
384663588,77.7042460999,8.17502599443,plant,None,50,Kudankulam Nuclear Power Plant Unit I,Nuclear Power Corporation of India Ltd.
225138403,76.0963310458,24.5332618196,substation,None,,Kalisindh,
174639098,76.1487766162,24.591060184,substation,None,,Jhalawar,
141414131,73.0697585115,21.1871333973,substation,None,,Bardoli,
146235358,73.0533050757,20.7847183465,substation,None,,,
242702068,79.5721147771,18.1167026869,substation,None,,,
242702069,79.6463812647,18.1175155864,substation,None,,,
140058359,71.8460341138,21.1843461685,substation,None,,Otha,
226111719,71.4650203272,20.8987309328,plant,None,,,
242167547,80.6895554198,17.6241446086,substation,None,,,
146235159,72.8172211843,21.1594374917,substation,None,,,
223708957,70.1315481867,21.8691952888,substation,None,,Moti Paneli,
223708959,70.1961450446,21.5800759177,substation,None,,,
98366375,80.1710966299,12.5600328023,plant,None,,Madras Atomic Power Station,
118333262,87.3400361726,23.6001402525,substation,None,,Parulia,Powergrid
118333270,87.3331033846,23.5966778475,substation,None,,Parulia,
440768838,87.2494276945,23.5303963082,plant,None,,Durgapur Thermal Power Station,Damodar Valley Corporation
202184605,81.3916081004,21.2690061652,substation,None,,Bhilai,
202180496,81.4252610502,21.1876811285,plant,None,,Bhilai Captive Power Plant,NTPC
174639099,76.7269676065,24.758899607,substation,None,,Kawai,
174639087,77.0419663979,24.6342061067,plant,None,,Chhabra Thermal Power Station,
192715776,76.4049789581,21.832947749,substation,None,,Khandwa PGCIL,
191322349,74.9244247143,22.6830213962,substation,400000,,Rajgarh (PGCIL),
29335042,72.8324228632,23.1315518417,substation,None,,Dehgam,
175344546,71.7628600622,23.673957714,substation,None,,Sami,Adani
177116136,72.5569743189,22.9266460856,substation,None,,Pirana,
331275940,73.3769921048,22.3173029263,substation,None,,PGCIL 765 kV Vadodara,
100606980,80.1859878684,26.4512222698,substation,None,,Kanpur,
111461244,79.1437384144,27.2445690313,substation,None,,Mainpuri,PGCIL
274106872,78.0736392846,27.0871899805,substation,None,,Agra,
357515226,80.0493945701,26.3866131767,substation,None,,,
338030166,77.9229498092,10.961836603,substation,None,,,Powergrid
288560138,73.5930464331,17.4865596052,substation,None,,Koyna,
135894012,73.1657169224,17.5628930253,generator,None,,Ratnagiri Power & Gas Private Limited,
50885643,83.716523614,26.0726063643,substation,None,,Ballia Substation,Power Grid Corporation of India Ltd
205942946,85.7523622187,25.4876471695,plant,None,,Bahr,
92071378,81.0206674171,27.0186101769,substation,400000,,Lucknow,
309413114,77.6412412763,8.76643871165,substation,None,,Thirunelveli,
205942949,87.2655159596,25.2389421289,plant,None,,Kahalgaon,
97392607,83.708189284,25.1282365324,substation,None,,Sasaram Back2Back HVDC,Power Grid Corporation of India Ltd
92360278,85.3675430934,26.0668559812,substation,None,,,Power Grid Corporation of India Ltd
209806629,85.5629340917,24.3859628841,plant,None,,Koderma Thermal Power Station,Damodar Valley Corporation
135179801,77.0003631882,8.99256076345,substation,None,,Edamon Power Station,
396920348,83.4922078968,20.7415322536,substation,None,,Balangir Powergrid,
230905855,82.8416322925,19.4492123104,substation,None,,Mukhiguda,Powergrid
255614815,74.9020015773,14.2020499228,substation,None,,Talaguppa,
319912995,74.5394303093,24.9274314362,substation,None,,,
174692831,74.5604922306,25.3170880977,substation,None,,Bhilwara,
392879366,78.9351655585,27.219500588,substation,None,,Mainpuri,
242702057,79.8274619678,18.3843815219,plant,None,,Kakatiya Thermal Power Station,Telangana Power Generation Corporation
243231094,78.6813471923,17.4267568533,substation,None,,,
315477169,77.1549163549,20.6270323664,substation,None,,Akola,
221135557,77.9006403449,21.0748969076,plant,None,,RattanIndia Amravati Thermal Power Project,
386095147,77.9946391693,12.6698410143,substation,None,,Hosur,
425401901,77.9998706042,9.12760332134,substation,None,,,
166692103,83.2222815264,26.7550144466,substation,None,,Gorakhpur (PGCIL),Power Grid Corporation of India Ltd
125403188,76.3720971365,29.8433762465,substation,None,,,
125493328,75.8860394776,29.1035078582,substation,None,,Hisar,
330268017,76.6923166969,31.1028243538,substation,None,,Nalagarh,
105373531,77.720685406,29.1337530957,substation,None,,Mator,
147486451,73.1141324615,21.8236244609,generator,None,,NTPC Jhanor-Gandhar,
221914686,73.8414699048,18.7397951187,substation,None,50,Chakan II,
221914594,74.0378394589,18.6365509122,substation,None,50,Lonikand,
205783649,85.4086836214,23.3050636689,substation,None,,,
319423421,79.7681226103,23.1368990879,substation,None,,Jabalpur,
149778940,87.4549839497,23.8306604116,generator,None,,Bakreshwar TPS,
84517895,87.8723301525,22.4175172703,plant,None,,,
310099535,78.7534614649,10.1023797389,substation,None,,Karaikudi New,
63724987,77.0683784845,28.7929443927,substation,None,,Bawana,
311176519,76.1577562389,28.7196185482,substation,None,,Bhiwani 765kV,
86708493,76.8164161663,28.1815244244,substation,None,,Bhiwadi Substation,Power Grid Corporation of India Ltd
221135443,77.0266782777,20.7515667586,substation,None,,Akola,
296571992,77.3253129876,28.7120365459,substation,None,,Loni Road,
65525181,77.6029137927,28.5987541139,substation,None,,,
280706421,76.536499476,13.9533673868,substation,None,,Beranahalli,Powergrid
126705930,77.7117396904,12.9950982055,substation,None,,,
245128473,77.6563011472,15.1515818195,substation,400000,50,Gooty,POWER GRID CORPORATION of INDIA Ltd.
318050922,75.5885672434,19.71233098,substation,None,,,
318050929,75.6261770486,19.7092050082,substation,None,,,
439006823,92.7824575595,26.1462918064,substation,None,,Misa,
203673991,92.7692294422,26.8741038939,substation,None,,Baupara,PGCIL
161757808,76.5481855459,28.7473025824,substation,None,,,
247697076,77.1104218738,29.0026433726,substation,None,,,
161478975,76.3473600667,28.4895547689,plant,None,,Mahatma Gandhi Thermal Power Project,
174786688,73.9744660564,25.1052825566,substation,None,,Kankroli,
245492353,79.2243904964,13.2177220206,substation,None,,,
315758509,79.8839729779,14.2221495403,substation,None,,,
293597835,76.052532447,17.6090901958,substation,765000,50,South Solapur,
305565392,75.9861294242,17.5496233747,plant,None,,Solapur Thermal Power Plant,
202184617,81.4882653184,21.2441738432,substation,None,,Raipur,
256638645,74.80224071,13.1592959341,plant,None,,Udupi Power Corporation Limited,
65525187,77.6047341174,28.5931962029,substation,None,,Dadri Static Inverter Plant,
103170709,77.6140896782,28.5924060875,generator,None,,Dadri Powerplant,
315447446,79.2792210614,20.0036741635,substation,None,,,
241951896,83.1203919394,17.6128900344,substation,None,,Kalpaka,
241951906,83.0945526353,17.5920156897,plant,None,,Simhadri Super Thermal Power Station,
385123914,83.1399690686,17.5631275826,plant,None,,,
315796591,80.1314507466,16.3988815939,substation,None,,,
128552626,79.1006337228,21.2391839472,plant,None,,Koradi Thermal Power Station,
205942950,87.263808915,25.2322412417,substation,None,,Kahalgaon,
311118424,80.854184059,25.9585518156,substation,None,,Fatehpur,
311933102,81.7261909094,21.4467549382,substation,None,,,
202980849,82.6046716428,22.0693680394,plant,None,,Marwa Thermal Power Plant,Chhattisgarh State Power Generation Company
139591521,70.7643542067,22.4294847479,substation,None,,Hadala,
160685919,69.5185689928,22.8193295393,plant,None,,Coastal Gujarat Power Ltd,Tata Power
242291892,80.5522206247,16.6396371534,plant,None,,,
193216697,78.2624326944,24.2104287532,substation,None,,Bina,
194108814,77.4849708886,23.3468905674,substation,None,,Bhopal,
191477448,75.8887971945,22.6222038757,substation,400000,,Indore 400kV,
194209498,78.1770322725,22.1102878809,plant,None,,Satpura,
122194727,75.4778783565,31.4520819848,substation,None,,,
255035532,75.2305884188,29.9178259324,generator,None,,,
315824842,79.9004428991,14.2487558124,substation,None,,,
315758504,80.0927886077,14.2145441013,generator,None,,,
315758488,80.0879529336,14.2060463863,generator,None,,,
315758494,80.1457902391,14.3322123776,generator,None,,,
242702027,79.6700720898,18.0557050011,substation,None,,,
407806283,74.5338527683,27.4469200211,substation,None,,Deedwana,
245547226,80.3022604467,13.240061512,substation,None,,,
133591372,80.3047030911,13.2349533213,plant,None,,Vallur Thermal Power Station,
311103617,81.0185521703,27.0446502382,substation,765000,,Lucknow,
203167977,83.3024903627,21.8603371478,substation,None,,Raigarh,
308983813,83.1207266344,21.8869728295,plant,None,,Uchpinda Power Station,
407806281,74.7875796593,26.5567507517,substation,None,,Ajmer,
150957299,86.0729492026,22.8364882458,substation,None,,Jamshedpur,
206009237,87.2098782986,23.5776379794,plant,None,,Durgapur Steel Thermal Power Station,Damodor Vally Corporation
205747640,86.2301399828,22.7607882561,substation,None,,,
151103746,85.0682382286,21.0964841792,substation,None,,Talcher,
241988348,81.8124015001,16.9259537852,generator,None,,GMR Vemagiri Power Generation Ltd.,
209806624,84.9477072752,24.6245266742,substation,None,,Gaya,
195459361,80.7124812107,24.5738441069,substation,None,,Satna,
196019571,82.6739753729,24.1004714925,plant,None,,Vindhyachal,NTPC
94199110,85.7469042998,25.4912043612,substation,None,,,
210540837,76.4010830665,30.4471525284,substation,None,,Phagan Majra,
411727660,75.1721026976,32.5245514197,substation,None,,Samba,
423166766,82.2941742281,22.1374877981,substation,None,,Sipat Thermal Power Station,
195813001,82.6703930386,24.0919834105,substation,None,,,
131324311,76.0227821112,25.1775539599,substation,None,,Dahra,
247861059,76.9363406256,28.5339016567,substation,765000,,Jhatikara,
161130361,76.9815995082,28.6771938652,substation,None,,Mundka,
411727629,75.3157343058,33.1804204456,substation,None,,Baglihar,
168513355,77.2108830951,30.2017886404,substation,None,,,
202180494,79.1430802533,20.091067921,substation,None,,Bhadravati B2B HVDC,
308983814,78.9794405422,20.2801882711,plant,None,,EMCO Energy Warora Power Project,EMCO Energy
296542553,77.2656331909,28.8234618924,substation,None,,Mandaula,
196679006,82.9787932968,24.4471167857,substation,None,,,
196933344,82.797552947,24.198057256,plant,None,,Anpara Thermal Power Station,Hindalco Industries Limited
223725824,69.7111660177,22.3081103436,plant,None,,Salaya I,
392090801,76.5246360421,30.5132699716,substation,None,,,
392090790,76.5724983128,30.554742694,generator,None,,Rajpura Thermal Power Plant,Larsen & Toubro
315823978,78.177624901,15.6735453999,substation,None,,Kurnool,
245008345,78.107364187,15.7120141446,substation,None,,Nannor,
422204218,81.6537477545,25.1988116074,substation,None,,,
422204221,81.6570703325,25.1971045275,plant,None,,Bara Thermal Power Station,
323266562,85.1532027242,20.7367595309,substation,None,,,
354070558,84.9904871981,21.1303349601,plant,None,,Jindal Angul I,
396925739,85.2648549788,20.8657425329,plant,None,,Kamalanga Thermal Power Plant,
311130978,82.6240243696,23.9715008463,plant,None,,Sasan UMPP,Reliance
311571096,76.3993286476,25.0977566159,substation,None,,Anta,
225138391,76.0958420376,24.5254192049,plant,None,,Kalisindh Thermal Power Station,
174639100,76.7370205306,24.778201249,plant,None,,Kawai Thermal Power Station,
172983721,73.0845048721,26.3795476162,substation,None,,Jodhpur PGCIL,
172860716,71.3289156306,25.8966013385,plant,None,,Rajwest,
315758532,80.1236015581,14.3266013939,plant,None,,Sri Damodaram Sanjeevaiah Thermal Power Station,
311901128,79.9897283452,27.8501033188,substation,None,,,
203915176,79.936820662,27.8186680485,plant,None,,Rosa Thermal Power Plant,Reliance
245726156,79.8774347841,12.9033109368,substation,None,,,
195812822,82.6768119197,24.0953094179,substation,None,,Vindhyanagar,
386153973,78.030693592,12.1331291257,substation,None,,,
315829116,88.1290224582,24.1982312297,substation,None,,,
148270935,88.1045546027,24.3661764591,plant,None,,Sagardighi,
182594006,77.8510202806,26.7009393518,generator,None,,Dholpur,
428212210,76.5790344243,30.5565944118,substation,None,,,
183894202,75.8614746437,29.3499151539,plant,None,,Rajiv Gandhi Thermal Power Project,
308745158,79.7635637612,26.6003895731,substation,None,,Repeater-station,
151103750,85.0632500087,21.0991808562,substation,None,,Talcher Converter Station,
222205415,73.1891094901,19.3583355192,substation,None,,Padghe HVDC Converter Station,
195665289,81.6730029179,24.8916522481,substation,None,,Repeater-station,
195812819,82.790010791,24.0200708584,substation,None,,Rihand Converter Station,
315477170,79.285162168,20.0130415362,substation,None,,Chandrapur HVDC Converter Station,
316463122,75.4871016314,19.7701403086,substation,None,,,
318090288,74.7738411427,21.086198778,substation,None,,,
369866141,75.6650676818,26.6513684057,substation,None,,,
201845280,78.4929191801,20.6695437492,substation,None,,Wardha,
311933111,81.3512028519,21.3722885848,substation,None,,Raipur Pooling Station,
